Player List,,,,,,,,,,,,,,,,,,,,,,,,,,,,,,,,Player List,,,,,,,,,,,,,,,,,,,,,,,,,,,,,,,,Player List,,,,,,,,,,,,,,,,,,,,,,,,,,,,,,,,Player List,,,,,,,,,,,,,,,,,,,,,,,,,,,,,,,,Player List,,,,,,,,,,,,,,,,,,,,,,,,,,,,,,,,Player List,,,,,,,,,,,,,,,,,,,,,,,,,,,,,,,,Player List,,,,,,,,,,,,,,,,,,,,,,,,,,,,,,,,Player List,,,,,,,,,,,,,,,,,,,,,,,,,,,,,,
ID,Name,ORG,POS,G,GS,TC,A,PO,E,DP,TP,ZR,SBA,RTO,IP,PB,CER,BIZ-R,BIZ-Rm,BIZ-L,BIZ-Lm,BIZ-E,BIZ-Em,BIZ-U,BIZ-Um,BIZ-Z,BIZ-Zm,BIZ-I,FRM,ARM,,ID,Name,ORG,POS,G,GS,TC,A,PO,E,DP,TP,ZR,SBA,RTO,IP,PB,CER,BIZ-R,BIZ-Rm,BIZ-L,BIZ-Lm,BIZ-E,BIZ-Em,BIZ-U,BIZ-Um,BIZ-Z,BIZ-Zm,BIZ-I,FRM,ARM,,ID,Name,ORG,POS,G,GS,TC,A,PO,E,DP,TP,ZR,SBA,RTO,IP,PB,CER,BIZ-R,BIZ-Rm,BIZ-L,BIZ-Lm,BIZ-E,BIZ-Em,BIZ-U,BIZ-Um,BIZ-Z,BIZ-Zm,BIZ-I,FRM,ARM,,ID,Name,ORG,POS,G,GS,TC,A,PO,E,DP,TP,ZR,SBA,RTO,IP,PB,CER,BIZ-R,BIZ-Rm,BIZ-L,BIZ-Lm,BIZ-E,BIZ-Em,BIZ-U,BIZ-Um,BIZ-Z,BIZ-Zm,BIZ-I,FRM,ARM,,ID,Name,ORG,POS,G,GS,TC,A,PO,E,DP,TP,ZR,SBA,RTO,IP,PB,CER,BIZ-R,BIZ-Rm,BIZ-L,BIZ-Lm,BIZ-E,BIZ-Em,BIZ-U,BIZ-Um,BIZ-Z,BIZ-Zm,BIZ-I,FRM,ARM,,ID,Name,ORG,POS,G,GS,TC,A,PO,E,DP,TP,ZR,SBA,RTO,IP,PB,CER,BIZ-R,BIZ-Rm,BIZ-L,BIZ-Lm,BIZ-E,BIZ-Em,BIZ-U,BIZ-Um,BIZ-Z,BIZ-Zm,BIZ-I,FRM,ARM,,ID,Name,ORG,POS,G,GS,TC,A,PO,E,DP,TP,ZR,SBA,RTO,IP,PB,CER,BIZ-R,BIZ-Rm,BIZ-L,BIZ-Lm,BIZ-E,BIZ-Em,BIZ-U,BIZ-Um,BIZ-Z,BIZ-Zm,BIZ-I,FRM,ARM,,ID,Name,ORG,POS,G,GS,TC,A,PO,E,DP,TP,ZR,SBA,RTO,IP,PB,CER,BIZ-R,BIZ-Rm,BIZ-L,BIZ-Lm,BIZ-E,BIZ-Em,BIZ-U,BIZ-Um,BIZ-Z,BIZ-Zm,BIZ-I,FRM,ARM
50275,Marco Mendez,Los Angeles (N) Dodgers,2,125,124,1178,61,1115,2,9,0,-1.4385,99,23,1116.2,14,450,55,47,7,6,1,1,0,0,0,0,0,-4.4068,0,,48588,Wilson Cardoza,Chicago (N) Cubs,3,153,153,1410,103,1294,13,123,0,-6.7533,0,0,1354.2,0,0,303,285,31,28,6,1,4,1,17,1,18,0,0,,54900,Marco Castello,Tampa Bay Rays,4,147,146,551,341,196,14,106,0,5.684,0,0,1306.2,0,0,313,296,36,28,28,21,28,13,30,4,52,0,-0.2047,,47127,Doug Gardner,Kansas City Royals,5,146,146,387,289,83,15,27,0,6.929,0,0,1282.1,0,0,327,312,42,31,26,16,10,4,21,0,28,0,0,,42257,Victor Cardenas,St. Louis Cardinals,6,148,148,545,347,188,10,74,0,-11.615,0,0,1293.0,0,0,378,349,58,40,39,17,26,9,16,1,60,0,0,,47350,Adrian Ortiz,St. Louis Cardinals,7,146,146,295,4,287,4,0,0,2.4481,0,0,1259.0,0,0,212,208,60,46,30,17,45,14,37,2,116,0,-5.0169,,42336,Miguel Huerta,Washington Nationals,8,147,147,406,9,392,5,0,0,9.6658,0,0,1292.1,0,0,279,276,84,68,69,32,49,14,54,2,75,0,-1.1757,,47675,Tom Tobeck,New York (A) Yankees,9,152,149,312,8,302,2,0,0,4.4694,0,0,1331.1,0,0,230,227,56,43,37,19,40,7,44,6,79,0,0.4714
39623,Bobby Kerney,Arizona Diamondbacks,2,128,125,1038,52,984,2,4,0,2.1887,105,20,1116.1,4,544,46,46,7,7,3,2,0,0,0,0,0,12.332,0,,31186,Alex Lobato,San Francisco Giants,3,154,154,1231,99,1121,11,89,0,2.9957,0,0,1352.0,0,0,248,236,21,19,13,11,6,3,8,2,16,0,0,,50766,Dave May,San Diego Padres,4,147,146,484,272,202,10,85,0,-13.6857,0,0,1295.1,0,0,293,266,43,27,24,7,22,7,22,2,56,0,0,,50251,Lançarote Freitas,Boston Red Sox,5,149,148,394,279,105,10,19,0,10.5679,0,0,1280.2,0,0,330,319,29,25,31,17,22,8,12,2,26,0,0,,39815,Steve Baker,Seattle Mariners,6,149,149,528,357,161,10,66,0,9.9714,0,0,1277.2,0,0,347,333,58,48,36,28,18,7,21,4,49,0,0,,49053,Steve Aaker,Pittsburgh Pirates,7,146,143,272,5,263,4,1,0,4.9832,0,0,1247.1,0,0,188,184,65,51,28,14,33,11,58,3,118,0,-0.4583,,49795,Pete Pearson,Houston Astros,8,149,146,412,7,403,2,0,0,6.412,0,0,1289.2,0,0,300,296,79,65,50,25,55,13,52,4,87,0,-3.0326,,51604,Greg Medema,Kansas City Royals,9,149,148,289,4,283,2,1,0,2.398,0,0,1308.0,0,0,227,222,44,34,33,14,29,9,48,4,104,0,-4.5479
47420,Chris Moody,Seattle Mariners,2,128,124,1118,40,1078,0,6,0,1.4958,79,17,1108.2,9,427,30,30,5,4,1,1,0,0,0,0,0,-3.3244,0,,46969,Troy Swanson,St. Louis Cardinals,3,155,155,1280,123,1144,13,105,0,-0.6082,0,0,1351.0,0,0,287,273,26,23,9,7,9,3,13,3,14,0,0,,55153,Evan Lewis,Miami Marlins,4,147,147,583,355,218,10,99,0,10.5268,0,0,1294.0,0,0,330,317,54,47,29,20,18,8,27,8,63,0,-0.0077,,46321,Lupe Oquendo,Arizona Diamondbacks,5,144,144,426,317,94,15,33,0,8.7239,0,0,1256.0,0,0,368,343,40,37,20,10,20,8,23,1,19,0,0,,50527,Ryan Witsman,Kansas City Royals,6,143,143,514,339,154,21,88,0,0.4268,0,0,1257.1,0,0,323,300,48,38,32,23,38,19,29,2,63,0,0,,48793,Matt Rosellini,San Diego Padres,7,143,142,269,6,263,0,3,0,6.6906,0,0,1234.1,0,0,204,204,39,30,29,18,33,8,36,3,115,0,-1.5947,,52414,Ken Boal,Kansas City Royals,8,146,144,330,7,323,0,1,0,-7.1707,0,0,1281.1,0,0,245,237,79,60,41,19,50,6,51,1,71,0,-0.9449,,48978,Jake Lawson,Texas Rangers,9,146,146,314,11,300,3,1,0,2.4465,0,0,1284.2,0,0,223,221,59,44,37,25,42,7,57,3,109,0,2.2651
50525,Benito Orozco,San Francisco Giants,2,126,126,1122,44,1076,2,0,0,1.7385,120,25,1106.0,3,433,29,28,4,4,1,1,0,0,0,0,0,3.9664,0,,38216,Matt Shoemaker,Oakland Athletics,3,152,152,1313,84,1215,14,120,0,-2.4054,0,0,1339.1,0,0,252,238,30,26,9,7,13,4,8,0,15,0,0,,58435,Mark Palacios,Los Angeles (A) Angels,4,148,145,539,317,215,7,99,0,-16.062,0,0,1284.1,0,0,347,321,43,23,37,12,27,6,25,2,59,0,0,,50197,Cruz Maltez,Chicago (N) Cubs,5,144,144,404,282,108,14,24,0,11.2586,0,0,1250.1,0,0,314,303,53,42,23,19,21,7,18,1,15,0,0,,44734,Jose Ceballos,Atlanta Braves,6,144,143,502,345,145,12,65,0,-0.892,0,0,1248.0,0,0,350,333,50,36,48,26,19,9,24,2,71,0,0,,45995,Luis Ruiz,Chicago (N) Cubs,7,143,141,216,1,212,3,0,0,5.4024,0,0,1228.0,0,0,157,155,34,28,32,20,26,6,59,3,94,0,-3.7709,,42592,Fabrice Beltran,Chicago (N) Cubs,8,149,146,397,9,387,1,0,0,9.3917,0,0,1279.2,0,0,286,283,87,68,44,23,38,11,51,2,66,0,2.9626,,24870,Joe Coning,Washington Nationals,9,145,145,277,4,271,2,0,0,-4.692,0,0,1281.2,0,0,223,217,45,32,35,12,40,7,56,3,95,0,-0.6612
44309,Hector Pecina,Toronto Blue Jays,2,125,125,1188,46,1136,6,3,0,-0.9947,119,19,1103.0,9,565,32,32,5,4,3,2,1,1,0,0,0,12.7442,0,,51024,Adrian Graham,Arizona Diamondbacks,3,148,145,1338,105,1226,7,115,0,-0.1538,0,0,1260.0,0,0,280,270,21,16,10,8,9,4,9,1,24,0,0,,46486,Danny Pollard,Milwaukee Brewers,4,146,145,571,364,200,7,77,0,13.355,0,0,1281.0,0,0,361,351,34,30,39,29,26,13,22,4,61,0,0,,47665,Justin Van Pelt,Cincinnati Reds,5,140,140,383,262,104,17,19,0,5.5729,0,0,1241.1,0,0,320,307,34,26,19,14,16,5,12,0,25,0,0,,52584,Pete Gigliotti,Milwaukee Brewers,6,145,144,477,337,134,6,59,0,5.5657,0,0,1231.2,0,0,342,326,38,30,29,21,32,12,9,2,45,0,0,,52343,Mike Tharpe,Texas Rangers,7,139,139,290,4,284,2,0,0,6.3001,0,0,1197.2,0,0,211,206,59,43,40,17,39,11,47,7,100,0,-1.9772,,49237,Jordan Ortiz,Cincinnati Reds,8,146,142,320,5,312,3,0,0,2.4208,0,0,1272.2,0,0,237,234,65,50,37,20,44,8,38,0,43,0,-1.5406,,46421,Ben Reed,Arizona Diamondbacks,9,150,142,295,7,282,6,0,0,5.8979,0,0,1260.2,0,0,200,197,68,52,33,18,55,9,47,6,132,0,-0.6402
36241,Angelo Mangual,Milwaukee Brewers,2,125,122,1201,53,1145,3,7,0,-1.7576,100,27,1099.2,13,444,50,42,4,2,0,0,0,0,0,0,0,-11.4254,0,,50487,Conrado Braves,Pittsburgh Pirates,3,159,158,1156,86,1061,9,88,0,1.3864,0,0,1218.0,0,0,234,225,19,19,13,10,6,4,3,0,13,0,0,,46162,Gabe Hinton,Houston Astros,4,145,142,600,357,236,7,96,0,3.5091,0,0,1265.0,0,0,370,360,49,35,40,24,25,7,26,3,75,0,0,,46986,Jeremy Matelski,Texas Rangers,5,138,137,390,270,105,15,23,0,-12.4255,0,0,1222.2,0,0,349,316,46,28,18,9,14,2,20,0,23,0,0.1343,,44618,Jose Tameron,Los Angeles (N) Dodgers,6,144,142,523,363,148,12,77,0,9.8449,0,0,1227.0,0,0,348,330,57,51,39,28,22,9,25,5,56,0,-0.2077,,51063,Justin Swanson,Arizona Diamondbacks,7,144,143,254,1,247,6,0,0,-17.5702,0,0,1185.0,0,0,206,196,55,33,33,9,37,6,46,3,78,0,-3.2645,,45998,Jake Hite,Milwaukee Brewers,8,147,146,331,7,323,1,1,0,3.87,0,0,1252.2,0,0,230,228,69,60,55,24,39,7,60,4,61,0,-1.5026,,52021,Danny Ricardo,San Francisco Giants,9,146,146,293,10,281,2,0,0,2.9403,0,0,1255.1,0,0,223,220,49,41,30,12,31,6,42,2,109,0,2.3699
50881,Matt DeVoto,Chicago (N) Cubs,2,124,124,1104,46,1053,5,5,0,-0.793,107,13,1097.2,7,451,49,47,8,7,3,3,0,0,0,0,0,3.159,0,,52531,Nate Larson,Kansas City Royals,3,138,138,1037,66,965,6,110,0,0.9136,0,0,1187.2,0,0,201,195,15,13,8,3,7,3,3,1,10,0,0,,46871,Matt Wiernicki,Arizona Diamondbacks,4,140,138,548,335,203,10,93,0,8.3041,0,0,1173.0,0,0,304,293,56,47,34,24,28,17,19,0,66,0,0,,27298,Pat Sauders,Detroit Tigers,5,143,138,473,327,124,22,36,0,6.5412,0,0,1213.2,0,0,398,374,44,33,25,19,19,6,19,2,20,0,0,,52379,Jonathan Skinner,Baltimore Orioles,6,139,132,566,422,140,4,76,0,15.812,0,0,1165.0,0,0,357,349,81,64,42,30,21,9,26,7,62,0,0,,49835,Zach Schuhmann,Boston Red Sox,7,130,129,256,3,252,1,1,0,4.0354,0,0,1144.1,0,0,191,189,43,36,35,20,20,2,54,5,101,0,-1.8863,,44791,Fontana Rosolino,Texas Rangers,8,145,144,395,11,379,5,1,0,9.4921,0,0,1248.0,0,0,276,270,86,76,39,22,40,6,57,5,62,0,-1.1423,,48874,Jonathan Safreed,Chicago (N) Cubs,9,139,136,247,12,234,1,1,0,-12.5781,0,0,1192.2,0,0,189,182,56,35,26,8,33,6,42,3,122,0,3.9123
35281,Wei-hong Gan,Kansas City Royals,2,124,124,1275,46,1224,5,6,0,0.0534,91,15,1093.2,6,436,50,47,3,3,1,1,0,0,0,0,0,0.9957,0,,52502,Bobby Sligh,Los Angeles (A) Angels,3,141,140,1151,82,1060,9,104,0,-0.8036,0,0,1167.0,0,0,225,216,20,19,12,8,2,0,10,0,9,0,0,,52530,Josh Lilly,Los Angeles (N) Dodgers,4,135,134,507,307,192,8,84,0,7.1218,0,0,1163.0,0,0,275,268,42,34,22,15,17,7,20,6,45,0,0,,52396,Ryan Kahabka,Milwaukee Brewers,5,142,135,360,259,85,16,27,0,7.6711,0,0,1185.0,0,0,299,285,31,27,21,14,15,6,16,2,22,0,0,,47179,Pat Hagen,Minnesota Twins,6,137,132,522,363,148,11,77,0,8.8858,0,0,1163.0,0,0,337,323,45,34,32,19,25,13,27,9,46,0,0,,21200,Edwin Curiel,Houston Astros,7,132,131,272,4,263,5,0,0,-5.5857,0,0,1140.0,0,0,207,199,53,40,37,16,25,7,47,1,96,0,0.0945,,46228,Matt Ballard,Boston Red Sox,8,143,141,348,4,343,1,2,0,8.8927,0,0,1247.2,0,0,240,235,79,63,60,27,29,12,42,6,51,0,-3.0931,,42173,Cesar Rubio,Oakland Athletics,9,135,135,231,8,221,2,1,0,0.4331,0,0,1192.0,0,0,175,174,37,26,30,12,27,5,51,4,97,0,-0.1438
53551,Carlos Morales,St. Louis Cardinals,2,125,124,1072,48,1016,8,3,0,-2.1994,133,21,1092.1,9,631,44,41,9,8,0,0,0,0,0,0,0,2.3496,0,,50909,Kurt Dunwell,Seattle Mariners,3,130,128,1091,69,1016,6,78,0,2.7157,0,0,1137.0,0,0,195,189,25,23,8,7,7,3,13,3,9,0,0,,56340,David Saldivar,Seattle Mariners,4,134,133,468,282,177,9,72,0,-1.2785,0,0,1142.0,0,0,297,281,47,33,25,10,18,6,24,3,53,0,0,,51620,Tom Daher,Oakland Athletics,5,135,133,352,258,74,20,22,0,1.8807,0,0,1175.2,0,0,299,280,25,19,22,10,15,4,13,4,18,0,0,,50957,Jarod Jeffries,Miami Marlins,6,129,129,422,279,130,13,60,0,-7.0497,0,0,1139.2,0,0,288,265,35,26,34,18,24,9,18,1,49,0,0,,52467,Jeremy Winters,Kansas City Royals,7,124,123,243,6,234,3,1,0,2.5008,0,0,1048.2,0,0,178,177,35,30,40,20,31,4,42,3,96,0,-0.2466,,42380,Lorenzo Santi,Minnesota Twins,8,142,142,321,7,313,1,0,0,0.6906,0,0,1167.1,0,0,236,234,73,56,44,16,32,5,35,2,53,0,-1.1759,,36146,Armando Fuentes,Pittsburgh Pirates,9,137,134,279,8,268,3,1,0,-1.8586,0,0,1173.0,0,0,210,205,57,43,36,14,31,4,49,2,106,0,-0.0248
47305,Steve Fuller,New York (A) Yankees,2,123,123,1191,44,1144,3,6,0,-1.9211,114,21,1091.0,13,443,28,25,6,6,3,3,0,0,0,0,0,7.3427,0,,50064,Alex Barrera,Cleveland Guardians,3,128,127,1059,90,963,6,90,0,0.1281,0,0,1127.2,0,0,236,228,21,19,8,6,4,1,7,0,12,0,0,,50401,Keith Parks,Pittsburgh Pirates,4,134,132,445,283,158,4,68,0,8.2276,0,0,1112.1,0,0,273,268,44,38,21,13,22,6,27,2,48,0,0,,51076,Ruben Jimenez,Colorado Rockies,5,126,125,353,254,93,6,21,0,6.9351,0,0,1097.0,0,0,295,288,42,35,20,9,9,2,11,0,19,0,0,,52590,Jeff Redpath,Cincinnati Reds,6,128,125,466,337,123,6,58,0,14.6132,0,0,1122.0,0,0,302,295,36,33,36,27,30,15,23,7,56,0,0,,46424,Ryan Cummings,Washington Nationals,7,118,118,231,4,225,2,0,0,-0.1225,0,0,1046.0,0,0,170,166,54,38,25,11,33,5,51,5,106,0,-1.3589,,49145,Adam Flower,Seattle Mariners,8,129,127,347,11,334,2,1,0,5.914,0,0,1113.1,0,0,233,227,77,63,60,34,26,7,50,3,47,0,2.7488,,50823,Jody Ball,Toronto Blue Jays,9,138,129,273,11,257,5,0,0,4.7387,0,0,1137.1,0,0,193,192,53,45,35,13,29,4,39,3,111,0,1.227
52522,Chris McFadden,Chicago (A) White Sox,2,123,122,1260,43,1212,5,2,0,1.0098,89,18,1079.2,5,426,38,35,6,6,2,1,0,0,0,0,0,-1.0252,0,,35762,Edgar Nunez,Colorado Rockies,3,131,130,1021,66,948,7,90,0,1.1039,0,0,1123.1,0,0,164,157,16,15,6,4,5,1,11,3,14,0,0,,21799,Alfredo Morandi,Cincinnati Reds,4,124,122,408,241,163,4,63,0,-4.115,0,0,1053.0,0,0,272,255,30,19,16,8,15,6,18,1,60,0,0,,52127,Alex Pacheco,Philadelphia Phillies,5,122,122,384,279,90,15,27,0,5.6735,0,0,1066.1,0,0,328,312,34,27,25,11,15,6,21,3,22,0,0,,52535,Matt Skupien,Texas Rangers,6,125,125,476,329,130,17,62,0,2.7251,0,0,1102.1,0,0,304,281,48,37,41,29,25,13,26,6,52,0,0,,42372,Raul Ortega,Oakland Athletics,7,119,113,219,3,215,1,2,0,8.4149,0,0,1005.2,0,0,158,156,37,31,26,16,33,9,27,3,69,0,-2.9851,,49110,Garrett Baker,Pittsburgh Pirates,8,128,128,348,9,337,2,3,0,12.1426,0,0,1112.0,0,0,251,250,57,47,48,21,45,14,33,5,42,0,0.9555,,52466,Mike Baily,Houston Astros,9,129,127,268,6,261,1,0,0,-10.1511,0,0,1088.0,0,0,212,207,52,28,42,20,36,5,47,1,97,0,0.0234
48602,Willie Pena,Philadelphia Phillies,2,122,122,1044,54,987,3,5,0,1.0255,101,22,1072.2,7,419,45,42,5,5,4,2,0,0,0,0,0,3.1626,0,,46377,Jonathan Sparks,Chicago (A) White Sox,3,127,126,949,62,883,4,71,0,4.1519,0,0,1115.2,0,0,193,191,21,19,13,8,4,3,11,1,11,0,0,,30189,Julian Marquez,St. Louis Cardinals,4,122,122,447,264,177,6,66,0,-9.4765,0,0,1043.1,0,0,290,272,39,26,33,13,28,11,27,2,51,0,-0.0489,,51585,Steve Rerucha,Tampa Bay Rays,5,117,117,331,238,81,12,21,0,6.6292,0,0,1049.1,0,0,285,272,24,20,13,9,12,5,11,1,21,0,0,,47755,Ian Rodencal,Boston Red Sox,6,127,126,457,331,119,7,72,0,-7.7865,0,0,1099.2,0,0,336,311,52,37,29,10,20,7,16,1,58,0,0,,42334,Willie Ardinghi,Seattle Mariners,7,114,114,228,2,223,3,1,0,7.0762,0,0,999.2,0,0,160,159,41,34,29,18,27,10,37,2,74,0,-2.8047,,38380,Xin-fang Xú,San Diego Padres,8,128,125,267,6,259,2,0,0,-12.5506,0,0,1108.0,0,0,203,196,70,44,31,12,46,7,40,0,60,0,0.8637,,42089,Ramiro Baraza,Cincinnati Reds,9,122,121,234,6,226,2,0,0,11.6463,0,0,1063.0,0,0,155,155,45,39,24,11,35,16,43,5,100,0,-0.0688
52085,Jonathan Lugo,Minnesota Twins,2,122,122,1008,44,962,2,2,0,5.2254,69,20,1029.1,3,365,38,36,4,3,2,2,0,0,0,0,0,-0.0633,0,,35568,Vinny Rosa,Houston Astros,3,122,121,1095,75,1014,6,95,0,2.1836,0,0,1040.2,0,0,232,225,14,13,10,6,7,2,9,1,10,0,0,,52503,Josh Behrens,Kansas City Royals,4,120,120,338,190,144,4,71,0,-9.1362,0,0,982.2,0,0,203,186,27,18,17,6,17,0,11,1,47,0,0,,51070,James Perry,San Diego Padres,5,122,114,325,204,110,11,21,0,-3.6664,0,0,1014.1,0,0,291,272,27,15,14,7,14,1,11,0,19,0,0,,50212,Rafael Peralta,Cleveland Guardians,6,121,120,415,283,118,14,66,0,4.1902,0,0,1068.1,0,0,242,229,50,36,37,25,25,12,19,2,54,0,0,,38545,T.J. Lee,Atlanta Braves,7,109,107,201,4,195,2,1,0,1.4214,0,0,920.2,0,0,153,152,34,27,29,10,20,4,29,2,79,0,-0.838,,50264,Alejandro Gomez,Tampa Bay Rays,8,122,122,319,3,312,4,0,0,14.9218,0,0,1090.1,0,0,212,209,65,60,45,26,37,14,48,3,44,0,-1.816,,52555,Matt Hogan,Los Angeles (N) Dodgers,9,123,120,247,7,239,1,0,0,7.8736,0,0,1060.2,0,0,172,170,44,37,28,21,33,10,42,1,100,0,-0.6967
49019,Aaron Jordan,Oakland Athletics,2,117,115,1064,41,1023,0,4,0,2.6468,64,19,1025.2,9,364,37,35,5,4,0,0,0,0,0,0,0,-5.4652,0,,49871,Ray Stevens,Los Angeles (N) Dodgers,3,127,122,959,65,886,8,90,0,-2.1297,0,0,1025.0,0,0,180,171,18,15,10,7,7,1,9,1,10,0,0,,33535,Brandon Tyson,Cleveland Guardians,4,110,108,405,252,147,6,71,0,0.4814,0,0,959.1,0,0,250,242,32,23,29,14,20,8,17,1,44,0,0,,46077,Tim Brouillet,New York (N) Mets,5,120,116,319,220,90,9,17,0,8.2452,0,0,1012.1,0,0,261,248,38,30,19,12,12,6,10,2,21,0,0,,52480,Luke Christensen,Washington Nationals,6,125,119,430,296,129,5,67,0,9.124,0,0,1068.1,0,0,261,253,38,34,36,29,19,8,18,3,67,0,0,,47878,Edison Sandwell,Cleveland Guardians,7,102,102,168,0,167,1,0,0,4.6284,0,0,918.2,0,0,112,110,43,39,22,10,24,5,30,3,90,0,-1.9077,,49295,Nick Bergstrom,Atlanta Braves,8,122,118,315,13,301,1,0,0,9.8371,0,0,1041.2,0,0,207,207,70,55,40,22,40,11,68,6,52,0,2.1058,,46704,Dan Whitman,Boston Red Sox,9,121,121,237,7,226,4,2,0,4.911,0,0,1057.2,0,0,168,166,43,34,30,15,26,9,53,2,83,0,-0.358
50542,Bryan Saltzgiver,Boston Red Sox,2,117,115,1041,46,990,5,2,0,2.4967,99,32,1008.2,6,420,42,41,2,1,0,0,0,0,0,0,0,-6.004,0,,50583,Pat Bernstein,Miami Marlins,3,111,111,912,50,851,11,78,0,-4.2979,0,0,982.2,0,0,159,152,21,13,7,5,4,1,4,0,12,0,0,,52686,Mike Banville,Boston Red Sox,4,108,108,369,225,134,10,56,0,0.9551,0,0,921.2,0,0,227,211,26,18,29,18,20,10,24,3,43,0,0,,51316,Brian Roberti,Chicago (A) White Sox,5,117,115,264,175,80,9,15,0,-8.9374,0,0,1008.4,0,0,246,225,27,20,14,3,9,0,20,0,12,0,0,,50200,Ewan Titterington,Pittsburgh Pirates,6,121,118,473,334,131,8,67,0,5.4916,0,0,1049.1,0,0,325,311,41,30,27,15,15,7,16,2,53,0,0,,47741,John Ploughman,Chicago (A) White Sox,7,108,108,214,4,209,1,1,0,7.395,0,0,916.1,0,0,154,153,38,28,22,13,33,7,39,8,86,0,-0.708,,30300,Josh Feldman,Los Angeles (A) Angels,8,115,113,260,7,251,2,1,0,-0.7648,0,0,1001.0,0,0,182,176,54,41,44,27,49,6,31,1,41,0,0.9949,,52541,Coby Houghton,Chicago (A) White Sox,9,122,121,227,10,215,2,1,0,0.2812,0,0,1054.1,0,0,163,158,38,27,33,18,36,10,36,2,87,0,2.7231
50814,John Drone,New York (N) Mets,2,113,111,1004,53,946,5,10,0,3.0253,105,25,971.2,6,410,41,41,3,3,1,1,0,0,0,0,0,9.3981,0,,52518,Jon Manning,New York (N) Mets,3,114,112,930,85,841,4,73,0,3.1988,0,0,957.2,0,0,189,185,25,25,9,5,6,2,6,1,12,0,0,,24208,Remo Carone,Baltimore Orioles,4,106,97,368,223,140,5,61,0,3.7039,0,0,846.2,0,0,204,197,44,38,22,11,15,6,13,2,45,0,0,,37580,Cody Addeo,Washington Nationals,5,114,113,295,198,72,25,23,0,-13.6386,0,0,1008.1,0,0,265,230,35,24,18,7,12,3,20,0,17,0,0,,48907,Eric Crippen,Tampa Bay Rays,6,115,114,455,321,126,8,73,0,11.716,0,0,1029.1,0,0,294,279,39,34,39,28,23,11,24,5,43,0,-0.2077,,38455,Tyler Morrison,Colorado Rockies,7,105,100,185,1,181,3,0,0,1.5798,0,0,849.1,0,0,141,140,30,28,21,9,24,3,31,1,70,0,-3.1374,,39791,Mark Roberts,San Francisco Giants,8,116,116,318,11,304,3,1,0,-5.0035,0,0,998.0,0,0,241,239,59,41,34,13,38,10,40,1,51,0,2.0031,,52569,Mario Duarte,St. Louis Cardinals,9,122,120,235,2,230,3,0,0,2.3328,0,0,1014.1,0,0,172,170,44,34,33,16,30,6,39,4,126,0,12.3212
44830,Ruben Alvarado,San Diego Padres,2,104,103,988,45,943,0,2,0,2.6549,74,18,911.0,4,458,38,36,6,4,1,1,0,0,0,0,0,0.588,0,,21697,Orlando Ramirez,San Diego Padres,3,110,110,879,58,818,3,74,0,-1.3573,0,0,939.1,0,0,159,155,25,24,9,3,3,1,8,0,8,0,0,,46505,Dan Downey,Chicago (N) Cubs,4,92,91,320,199,114,7,62,0,-9.7848,0,0,802.0,0,0,210,191,33,23,19,5,13,1,13,2,34,0,0,,50780,Pat Singer,St. Louis Cardinals,5,114,114,240,174,54,12,16,0,-20.5422,0,0,983.1,0,0,222,193,38,18,19,6,15,1,9,0,11,0,0,,52269,Teruyuki Yoshimoto,Chicago (N) Cubs,6,116,116,454,329,118,7,67,0,8.6734,0,0,1015.2,0,0,293,284,46,38,29,17,21,9,23,5,56,0,-0.0131,,50707,Shane Serrato,New York (N) Mets,7,102,101,183,2,179,2,0,0,-5.3349,0,0,836.2,0,0,141,138,37,23,25,15,22,2,39,1,66,0,-1.7124,,44849,Luis de Jesus,New York (A) Yankees,8,118,111,279,10,267,2,0,0,2.997,0,0,962.2,0,0,201,196,54,47,38,20,23,3,33,1,49,0,1.7476,,50973,Alan Marsalek,Seattle Mariners,9,116,114,237,9,228,0,1,0,0.6303,0,0,972.0,0,0,180,179,43,28,29,16,20,4,34,1,72,0,2.5368
44699,Leandro Gregrio,Detroit Tigers,2,104,100,842,54,785,3,5,0,0.6976,70,22,885.2,10,468,38,35,6,5,2,1,0,0,0,0,0,-6.7381,0,,37736,Mike Cabral,Boston Red Sox,3,109,104,895,64,825,6,67,0,0.4059,0,0,929.0,0,0,191,184,20,19,8,5,9,2,7,1,10,0,0,,22427,Alex Castaneda,San Francisco Giants,4,92,91,298,174,119,5,41,0,-7.7077,0,0,792.1,0,0,198,184,26,13,15,8,10,3,17,1,29,0,0,,52322,Ethan Burns,Pittsburgh Pirates,5,125,123,229,165,53,11,10,0,-10.7646,0,0,937.1,0,0,209,187,27,16,15,3,12,2,11,0,18,0,0,,44681,Emilio Medina,Colorado Rockies,6,119,109,415,276,126,13,58,0,1.9903,0,0,967.1,0,0,256,242,36,29,32,19,22,11,14,1,50,0,0,,51940,Angel Moya,Los Angeles (N) Dodgers,7,97,95,173,1,172,0,0,0,0.69,0,0,833.0,0,0,137,133,30,25,20,8,12,3,26,3,61,0,-1.8514,,53029,Ryan Adcock,Los Angeles (N) Dodgers,8,119,114,299,5,290,4,0,0,-14.7079,0,0,956.1,0,0,231,222,65,43,45,21,33,4,42,0,35,0,-2.2679,,47176,Oliver Higgins,Miami Marlins,9,107,105,196,4,190,2,0,0,6.4489,0,0,926.0,0,0,139,139,29,25,22,13,31,9,31,4,71,0,-1.4422
47154,J.P. Ogden,Cleveland Guardians,2,97,97,983,33,949,1,4,0,1.5325,87,19,873.2,4,395,24,23,4,3,1,1,0,0,0,0,0,5.3385,0,,44727,Rodolphe Guglielmotti,Milwaukee Brewers,3,111,107,906,75,826,5,65,0,3.7869,0,0,920.2,0,0,166,162,23,20,10,10,7,5,7,1,6,0,0,,50673,Sam Easter,Texas Rangers,4,90,86,323,199,120,4,47,0,-8.614,0,0,768.0,0,0,203,188,41,24,33,14,21,6,17,0,28,0,0,,49219,Rich Younginer,Seattle Mariners,5,107,102,313,233,65,15,21,0,3.7015,0,0,919.0,0,0,266,251,28,23,18,12,15,2,16,3,16,0,0,,31902,Roger Platt,Toronto Blue Jays,6,112,109,362,230,130,2,57,0,-8.267,0,0,958.1,0,0,239,222,39,26,29,11,14,4,14,1,38,0,0,,55132,Shaun Hartford,Detroit Tigers,7,93,92,167,2,165,0,0,0,2.5819,0,0,814.1,0,0,129,127,26,18,25,14,19,3,35,3,74,0,-0.7712,,50550,Jason Spann,Detroit Tigers,8,110,107,277,4,266,7,0,0,1.526,0,0,937.2,0,0,177,171,80,63,38,23,38,7,40,2,43,0,-1.6476,,49038,Ryan Johnson,Los Angeles (A) Angels,9,107,105,213,5,203,5,0,0,-7.4093,0,0,918.0,0,0,160,154,41,28,28,12,28,8,40,1,84,0,-2.4025
50588,Craig Williams,Pittsburgh Pirates,2,98,95,925,40,878,7,5,0,-0.0866,83,20,851.1,7,350,33,29,6,3,3,3,0,0,0,0,0,1.0661,0,,50235,Sérgio Simard,Minnesota Twins,3,106,106,912,78,829,5,82,0,2.5778,0,0,897.1,0,0,191,183,14,12,9,7,7,4,7,3,5,0,0,,52451,Jared Rettler,Oakland Athletics,4,84,83,323,200,115,8,57,0,-0.0254,0,0,726.2,0,0,196,184,25,21,12,8,15,4,14,3,46,0,-0.2077,,48515,Gilberto Tapia,Miami Marlins,5,101,101,282,183,85,14,25,0,1.3219,0,0,896.1,0,0,236,222,25,22,14,6,16,5,11,0,10,0,0,,51250,Tim Bruno,Philadelphia Phillies,6,102,102,372,259,102,11,54,0,6.0189,0,0,864.0,0,0,229,218,41,34,30,21,14,5,23,2,46,0,0,,52464,Jonathan Colby,Milwaukee Brewers,7,89,87,155,0,150,5,0,0,-4.2689,0,0,773.2,0,0,123,117,31,21,17,8,17,4,27,0,60,0,-1.7543,,48650,Guido Pessotto,Oakland Athletics,8,112,110,278,6,269,3,1,0,4.8715,0,0,932.1,0,0,200,197,55,46,30,17,27,8,31,1,43,0,-0.2948,,33222,Orlando Gonzales,San Diego Padres,9,96,94,164,8,152,4,0,0,-14.6506,0,0,837.2,0,0,127,118,44,26,21,4,22,4,29,0,76,0,0.5466
54515,Greg Ramos,Houston Astros,2,96,96,740,43,694,3,1,0,-3.6662,68,9,847.2,8,467,34,32,7,3,5,2,0,0,0,0,0,-3.0185,0,,24334,Esteban Guzman,Washington Nationals,3,91,90,745,56,682,7,66,0,-2.2993,0,0,804.0,0,0,161,154,12,10,4,2,4,1,5,0,17,0,0,,50947,Mike Acosta,Detroit Tigers,4,84,76,299,182,111,6,49,0,0.6438,0,0,688.2,0,0,188,174,28,23,22,18,11,4,18,3,37,0,-0.2155,,52678,John Daube,Houston Astros,5,84,82,238,175,54,9,13,0,-1.7155,0,0,729.0,0,0,204,189,24,18,15,9,14,4,15,1,23,0,0,,52452,Natanael Ferreira,Houston Astros,6,104,98,392,250,131,11,51,0,6.3147,0,0,862.0,0,0,233,222,32,28,32,21,18,11,14,3,47,0,0,,50281,Juan Cueto,Minnesota Twins,7,86,84,125,4,120,1,1,0,-11.8834,0,0,719.2,0,0,107,98,26,14,16,5,17,0,28,3,48,0,-0.5913,,49107,Jeremy Bell,Baltimore Orioles,8,111,98,249,5,242,2,0,0,-14.534,0,0,874.2,0,0,195,187,54,36,36,13,32,5,30,1,40,0,-0.2947,,21548,Cesar Rivera,Milwaukee Brewers,9,97,92,177,2,173,2,1,0,-1.0997,0,0,794.1,0,0,131,127,30,19,29,19,24,5,23,3,68,0,-0.1745
36269,Alex Campos,Baltimore Orioles,2,97,94,820,42,776,2,4,0,-1.1836,81,17,832.2,6,369,39,35,6,3,1,1,0,0,0,0,0,1.4615,0,,51069,Trevor Doyle,New York (A) Yankees,3,111,86,695,55,632,8,47,0,-2.2312,0,0,798.0,0,0,140,135,18,15,5,2,2,1,9,0,12,0,0,,46780,Randy Roginski,Chicago (A) White Sox,4,79,76,255,143,108,4,36,0,0.1224,0,0,676.2,0,0,166,162,22,15,17,8,16,5,12,1,24,0,0,,47137,Beau Walters,Los Angeles (N) Dodgers,5,94,83,214,147,57,10,16,0,-2.5964,0,0,725.0,0,0,186,171,19,14,12,7,14,3,12,0,7,0,0,,52294,Chance Dillon,New York (N) Mets,6,101,99,347,238,103,6,44,0,4.2424,0,0,856.1,0,0,223,212,37,30,20,13,19,7,13,4,49,0,0,,50974,Jayden St. Hill,San Francisco Giants,7,94,85,181,4,176,1,1,0,5.6885,0,0,716.0,0,0,128,127,30,26,24,13,18,6,22,4,61,0,-2.2109,,47106,Matt Eastwood,Colorado Rockies,8,97,94,252,6,243,3,0,0,8.3266,0,0,811.0,0,0,167,162,55,44,39,23,38,9,41,5,56,0,-1.4062,,51049,Rusty Garbarino,Tampa Bay Rays,9,87,87,173,6,165,2,0,0,4.6788,0,0,766.0,0,0,115,112,40,34,20,14,14,2,34,3,62,0,0.585
46286,Justin Strasbaugh,Texas Rangers,2,94,92,751,32,713,6,4,0,-1.3456,84,14,820.0,4,422,38,34,3,3,4,2,1,1,0,0,0,-18.5501,0,,51025,Justin Markum,Baltimore Orioles,3,102,89,817,68,747,2,73,0,3.8688,0,0,793.2,0,0,162,161,21,18,3,2,4,4,6,1,6,0,0,,52050,Jonathan Urrutia,Minnesota Twins,4,86,81,283,166,116,1,43,0,-3.5331,0,0,674.0,0,0,185,179,15,9,14,4,13,2,20,0,44,0,0,,47413,Marty McIver,Baltimore Orioles,5,82,82,217,163,48,6,16,0,5.8608,0,0,724.2,0,0,182,174,21,15,13,9,14,4,7,2,16,0,0,,52145,Luis Herrera,Los Angeles (A) Angels,6,100,95,367,271,83,13,53,0,4.7846,0,0,832.2,0,0,247,235,47,36,24,17,14,7,17,3,45,0,0,,52445,Chance Robinson,Cincinnati Reds,7,84,81,134,0,131,3,0,0,-2.9016,0,0,711.4,0,0,110,107,20,15,10,3,23,5,28,1,52,0,2.9703999999999997,,44709,Marciano Ruelas,Chicago (A) White Sox,8,86,83,210,1,208,1,1,0,5.4064,0,0,720.2,0,0,152,151,37,33,32,16,16,7,24,1,36,0,-0.5678,,50227,Moises Loza,Tampa Bay Rays,9,82,80,169,6,161,2,1,0,1.747,0,0,720.4,0,0,125,123,27,23,18,11,15,3,31,1,72,0,1.9713000000000003
52276,Omar Miller,Cincinnati Reds,2,98,94,884,47,836,1,6,0,1.7384,74,15,819.0,4,357,38,36,7,6,1,1,0,0,0,0,0,2.1898,0,,50256,Rafael Lozano,Detroit Tigers,3,92,91,802,43,751,8,72,0,-1.9247,0,0,787.1,0,0,145,136,18,14,5,3,3,1,7,4,17,0,0,,50538,Herb Bibiano,Minnesota Twins,4,84,72,280,176,98,6,52,0,1.3647,0,0,664.0,0,0,172,163,25,18,19,12,12,5,15,1,31,0,0,,47893,Chris Duff,Toronto Blue Jays,5,83,80,233,152,67,14,14,0,-3.0005,0,0,715.0,0,0,204,186,20,13,13,10,14,5,9,0,14,0,0,,52110,Juan Villarreal,Oakland Athletics,6,95,94,354,245,102,7,51,0,5.2262,0,0,828.2,0,0,228,216,29,26,20,13,15,8,21,3,43,0,0,,47405,Nick Williams,Miami Marlins,7,82,82,159,6,150,3,1,0,2.0083,0,0,697.2,0,0,117,116,26,22,19,9,14,0,26,3,56,0,0.0142,,48774,Brian Lee,Philadelphia Phillies,8,86,79,188,3,182,3,0,0,-1.1256,0,0,713.0,0,0,140,136,34,30,28,11,22,5,27,0,36,0,-0.7473,,50835,Beau Pearson,Minnesota Twins,9,83,83,154,2,151,1,0,0,2.9666,0,0,694.1,0,0,117,116,26,19,20,11,16,4,17,1,51,0,-0.4605
28524,Ken Meredith,Atlanta Braves,2,93,83,779,27,749,3,3,0,-0.8267,77,15,773.1,5,347,27,23,3,2,0,0,0,0,0,0,0,-1.6702,0,,21327,Luis Batista,Tampa Bay Rays,3,81,80,741,50,688,3,78,0,0.6919,0,0,713.1,0,0,132,130,17,14,3,1,2,0,8,1,10,0,0,,21295,Gus Garcia,Washington Nationals,4,73,72,260,160,96,4,52,0,-1.2733,0,0,625.2,0,0,161,155,16,10,13,4,10,1,12,1,38,0,0,,50690,Mike Leighton,Los Angeles (A) Angels,5,95,78,224,169,45,10,11,0,2.7696,0,0,708.0,0,0,188,177,25,20,13,7,7,2,7,0,12,0,0,,53049,Matt Jabs,Arizona Diamondbacks,6,86,85,325,218,100,7,43,0,6.5286,0,0,722.2,0,0,206,199,30,26,21,17,17,5,17,3,39,0,0,,46444,Danny Romero,Toronto Blue Jays,7,82,82,149,2,146,1,0,0,-1.6334,0,0,686.1,0,0,116,113,27,19,20,5,19,6,36,3,55,0,0.1522,,51056,Eric DeVore,St. Louis Cardinals,8,91,89,192,3,189,0,0,0,-12.9546,0,0,706.1,0,0,139,134,54,30,43,23,31,2,32,0,35,0,-0.7894,,50999,Casey Clapp,Colorado Rockies,9,87,77,146,9,137,0,1,0,-5.6027,0,0,682.0,0,0,109,104,33,21,15,6,21,5,29,1,69,0,1.6264
30641,Dave Rhoads,Washington Nationals,2,87,87,784,23,756,5,3,0,-1.1954,62,6,773.1,7,384,32,31,2,1,1,1,0,0,0,0,0,6.4591,0,,24353,Eddie Aguillon,Toronto Blue Jays,3,85,78,669,55,611,3,49,0,1.7084,0,0,688.1,0,0,128,125,10,10,8,6,2,1,2,1,11,0,0,,51419,Herb Gess,New York (N) Mets,4,81,69,253,142,105,6,40,0,-4.51,0,0,614.0,0,0,160,150,22,15,18,7,13,5,12,0,27,0,0,,48693,Jose Alarcon,Atlanta Braves,5,85,83,236,171,57,8,23,0,5.7085,0,0,692.2,0,0,193,186,21,19,18,13,8,3,11,0,16,0,0,,23282,Jeremy Massena,San Diego Padres,6,80,79,316,221,83,12,41,0,0.0334,0,0,713.1,0,0,216,202,32,25,21,11,17,7,12,1,34,0,0,,55202,Bryan Knick,New York (A) Yankees,7,76,74,143,1,138,4,0,0,4.5934,0,0,664.1,0,0,97,97,27,22,15,6,20,7,29,6,38,0,0.7291,,50927,Jared Ledbetter,Cleveland Guardians,8,79,78,194,6,186,2,0,0,0.6419,0,0,704.0,0,0,141,138,39,31,18,6,30,10,32,1,46,0,-0.4312,,52280,Paul Richie,Atlanta Braves,9,77,75,165,7,156,2,1,0,2.4983,0,0,648.2,0,0,111,110,36,30,21,10,14,3,27,3,74,0,1.7341
50190,Jose Rodriguez,Tampa Bay Rays,2,82,81,719,26,689,4,3,0,-0.6923999999999999,73,14,726.1,3,286,21,19,4,3,0,0,0,0,0,0,0,4.4427,0,,49217,Ugo Ciai,Cincinnati Reds,3,80,79,663,59,604,0,56,0,2.5278,0,0,680.2,0,0,125,125,12,12,4,4,4,0,4,0,10,0,0,,46059,Ernie Takats,Atlanta Braves,4,87,61,251,146,97,8,29,0,5.6381,0,0,592.1,0,0,140,130,19,19,20,16,11,6,22,6,34,0,0,,48995,David Barnes,Atlanta Braves,5,86,72,215,149,53,13,8,0,2.7483,0,0,670.2,0,0,160,151,31,27,19,10,5,3,10,0,13,0,0,,51294,Jim Proffitt,Detroit Tigers,6,78,75,294,204,85,5,41,0,-2.9252,0,0,656.1,0,0,205,191,28,16,19,10,18,9,14,2,31,0,0,,50853,Jose Bellatin,Philadelphia Phillies,7,75,73,141,2,138,1,0,0,3.5697,0,0,632.2,0,0,104,104,23,16,12,8,20,7,34,3,51,0,-1.3641,,47608,Nolan Lee,Miami Marlins,8,82,82,221,7,213,1,0,0,-2.4728,0,0,699.2,0,0,157,151,49,36,38,18,27,7,33,1,30,0,0.4985,,44796,Carlos Zarate,Baltimore Orioles,9,86,63,134,4,128,2,0,0,0.974,0,0,601.2,0,0,97,96,25,22,14,9,13,1,27,0,41,0,0.4172
51936,Francisco Pena,Tampa Bay Rays,2,80,80,762,37,723,2,2,0,0.8597,67,23,724.1,6,275,27,23,2,2,1,0,0,0,0,0,0,-4.2291,0,,24203,Rich Solis,Texas Rangers,3,73,73,668,49,616,3,42,0,0.9227,0,0,632.0,0,0,140,136,13,12,9,6,1,0,4,0,9,0,0,,56779,Adrian Case,New York (A) Yankees,4,66,65,236,141,85,10,30,0,2.1785,0,0,574.0,0,0,151,145,18,16,15,6,10,6,11,2,35,0,0,,53794,Carlos Sedano,Minnesota Twins,5,91,71,233,161,56,16,14,0,-2.0122,0,0,652.0,0,0,192,176,30,22,14,7,7,3,14,0,19,0,0,,52446,Alfonso Rueda,San Francisco Giants,6,77,76,235,144,78,13,22,0,-9.1291,0,0,642.2,0,0,176,156,29,18,15,7,8,4,9,0,31,0,0,,45833,Orlando Ortiz,San Francisco Giants,7,78,70,140,2,134,4,1,0,0.3419,0,0,592.2,0,0,101,99,28,22,18,8,18,5,18,0,35,0,-0.9073,,48476,Juan Ruiz,Arizona Diamondbacks,8,101,70,203,2,199,2,0,0,5.4033,0,0,696.2,0,0,142,140,48,40,23,13,15,3,23,3,29,0,-1.6021,,50853,Jose Bellatin,Philadelphia Phillies,9,69,68,129,9,118,2,0,0,1.5557,0,0,595.2,0,0,89,87,20,17,11,7,21,6,22,1,50,0,1.5544
24546,Jason Drago,Los Angeles (A) Angels,2,83,79,747,29,718,0,3,0,-0.383,78,12,720.0,7,366,24,24,3,3,1,1,0,0,0,0,0,2.2694,0,,48370,Ricky Rubio,Atlanta Braves,3,78,62,574,45,526,3,42,0,0.1712,0,0,584.1,0,0,110,107,12,11,4,2,6,0,8,2,4,0,0,,48378,Montes Gomez,Toronto Blue Jays,4,66,65,236,152,82,2,44,0,-1.3826,0,0,547.0,0,0,157,150,22,14,18,7,10,2,12,2,26,0,0,,54837,Miguel Davila,Los Angeles (N) Dodgers,5,67,67,158,119,33,6,8,0,-2.4818,0,0,577.2,0,0,144,132,16,14,7,2,4,0,8,0,11,0,0,,50210,Byron Addams,New York (A) Yankees,6,72,70,239,156,75,8,29,0,-2.7177,0,0,629.0,0,0,163,149,20,14,19,11,18,7,14,0,27,0,0,,52052,Jorge Ochoa,Cincinnati Reds,7,66,64,115,2,110,3,1,0,-0.6572,0,0,567.0,0,0,93,90,18,12,8,4,9,2,16,2,45,0,-0.6853,,44765,Manny Mosqueda,Philadelphia Phillies,8,80,79,198,4,194,0,0,0,3.4796,0,0,681.0,0,0,138,138,43,35,32,17,21,4,35,0,25,0,0.9263,,35875,Efrain Vasquez,Atlanta Braves,9,76,63,140,3,136,1,0,0,3.5308,0,0,580.2,0,0,100,99,29,23,11,4,18,5,30,5,49,0,-0.7566
51299,Bryan Winford,Colorado Rockies,2,83,82,695,27,666,2,3,0,-1.3202,80,12,713.2,6,425,27,24,4,3,0,0,0,0,0,0,0,-5.2744,0,,24790,Jeff Taylor,New York (A) Yankees,3,68,67,523,44,472,7,42,0,-3.9761,0,0,553.2,0,0,109,103,14,10,8,4,5,1,9,0,7,0,0,,50277,Tony Pina,Toronto Blue Jays,4,76,62,241,151,86,4,34,0,4.2103,0,0,542.1,0,0,142,137,23,19,14,12,11,4,12,1,25,0,-0.2047,,50538,Herb Bibiano,Minnesota Twins,5,75,70,170,122,45,3,10,0,0.0386,0,0,576.0,0,0,149,142,14,12,11,3,9,1,4,0,10,0,0,,30310,Craig McAllister,Detroit Tigers,6,73,72,263,175,79,9,39,0,-12.0089,0,0,626.2,0,0,176,157,29,17,28,14,25,4,9,0,33,0,0,,51069,Trevor Doyle,New York (A) Yankees,7,69,68,100,1,98,1,0,0,-7.8593,0,0,538.2,0,0,84,82,24,11,14,4,14,1,22,0,40,0,3.7147,,34574,Ivan Galvan,Toronto Blue Jays,8,85,85,176,3,171,2,0,0,-9.7329,0,0,672.2,0,0,134,130,42,27,25,10,25,3,37,1,36,0,-1.2022,,48774,Brian Lee,Philadelphia Phillies,9,67,66,126,4,121,1,0,0,0.4371,0,0,567.0,0,0,94,93,24,23,14,5,10,0,26,0,49,0,2.4707
52303,Manny Pagan,Washington Nationals,2,75,75,704,24,677,3,0,0,1.905,32,7,667.1,4,318,24,23,0,0,1,1,0,0,0,0,0,3.7584,0,,48995,David Barnes,Atlanta Braves,3,66,66,556,33,519,4,48,0,0.9589,0,0,542.1,0,0,110,107,14,12,5,2,0,0,6,1,5,0,0,,42331,Bert Gonzales,Philadelphia Phillies,4,59,59,236,141,87,8,39,0,1.9389,0,0,516.0,0,0,131,120,20,18,15,12,12,6,6,2,24,0,0,,47387,Sam Edwards,San Francisco Giants,5,62,62,170,118,42,10,8,0,2.6834,0,0,536.1,0,0,135,126,20,16,6,6,10,5,6,0,9,0,0,,52448,Dustin Williams,Arizona Diamondbacks,6,74,67,258,165,87,6,46,0,-8.8082,0,0,608.2,0,0,169,157,33,20,23,6,19,3,9,0,39,0,0,,50835,Beau Pearson,Minnesota Twins,7,66,64,137,5,132,0,1,0,4.6353,0,0,534.2,0,0,100,99,21,18,16,8,14,3,20,4,40,0,1.0621,,52819,Brad Ridenour,Cleveland Guardians,8,77,76,173,3,168,2,0,0,4.991,0,0,672.0,0,0,106,106,50,41,28,13,19,4,24,4,28,0,-1.2425,,35593,Phil Harris,Milwaukee Brewers,9,72,61,129,5,124,0,0,0,-2.6243,0,0,559.0,0,0,101,100,22,13,14,6,17,3,18,2,40,0,1.1461
56870,Sean Aultman,Miami Marlins,2,75,73,686,26,660,0,6,0,-0.996,73,15,644.1,7,243,19,18,3,2,0,0,0,0,0,0,0,-4.7204,0,,38850,Dan Caldeirinha,Cincinnati Reds,3,61,58,490,45,441,4,31,0,-0.2252,0,0,524.2,0,0,96,92,12,11,3,3,3,2,4,0,3,0,0,,44797,David Mendoza,Philadelphia Phillies,4,58,57,237,155,78,4,44,0,4.1844,0,0,499.1,0,0,142,138,14,12,13,9,12,8,12,0,26,0,0,,56779,Adrian Case,New York (A) Yankees,5,61,58,163,112,42,9,12,0,-0.0827,0,0,521.1,0,0,133,122,14,10,12,9,2,1,9,1,12,0,-0.0502,,51107,Travis Fritts,New York (A) Yankees,6,68,67,214,143,64,7,26,0,-10.7721,0,0,594.0,0,0,161,144,28,15,18,7,12,4,12,0,26,0,0,,53394,Hector Cabrera,Baltimore Orioles,7,65,65,130,0,125,5,0,0,-8.8882,0,0,534.2,0,0,108,102,23,11,18,7,22,5,26,0,39,0,4.2959,,46866,Steve Bennett,Toronto Blue Jays,8,103,68,186,4,182,0,0,0,7.2574,0,0,657.1,0,0,125,123,46,42,19,11,20,5,25,1,23,0,0.9145,,42108,Lorenzo Miranda,Baltimore Orioles,9,72,69,109,4,101,4,0,0,-1.1802,0,0,544.0,0,0,77,76,19,15,12,6,18,4,30,0,46,0,2.1515
50697,Carlos Jimenez,Colorado Rockies,2,74,67,621,26,595,0,4,0,0.3512,53,15,612.0,9,321,24,23,2,1,0,0,0,0,0,0,0,-4.0755,0.1343,,52421,Matt Dickey,Detroit Tigers,3,56,56,550,40,509,1,43,0,-1.6027,0,0,496.1,0,0,107,106,19,13,4,2,2,0,1,0,6,0,0,,46472,Jason Phelps,Philadelphia Phillies,4,64,56,235,143,89,3,42,0,-4.0355,0,0,492.1,0,0,146,136,20,13,6,1,6,2,11,1,31,0,0,,52446,Alfonso Rueda,San Francisco Giants,5,62,56,169,121,42,6,5,0,2.5502,0,0,513.1,0,0,131,125,22,16,11,9,6,4,6,0,7,0,0,,52084,Manny Perez,Chicago (A) White Sox,6,65,63,208,151,54,3,26,0,3.6526,0,0,558.0,0,0,131,127,26,20,24,16,12,6,8,0,15,0,-0.2047,,47737,Erik Mason,Los Angeles (A) Angels,7,78,56,131,1,128,2,0,0,2.1805,0,0,532.0,0,0,96,96,23,19,18,10,11,3,20,0,34,0,-2.0721,,52507,Soroku Yamaguchi,Arizona Diamondbacks,8,81,80,148,1,146,1,0,0,-8.6322,0,0,648.1,0,0,124,120,27,16,22,6,23,4,27,0,49,0,-0.3449,,47050,Jamie Boldin,Cleveland Guardians,9,62,61,121,3,117,1,1,0,-2.0068,0,0,538.0,0,0,93,88,27,21,13,5,17,3,17,0,46,0,0.0629
22844,Brian Jones,Baltimore Orioles,2,68,68,584,26,556,2,5,0,1.538,53,12,599.0,1,286,22,21,3,3,0,0,0,0,0,0,0,6.315,0,,52908,Shozo Takeda,Tampa Bay Rays,3,51,51,448,27,420,1,39,0,-0.6863,0,0,462.1,0,0,82,79,10,10,6,4,2,0,2,0,4,0,0,,49024,Dustin Scrivner,Chicago (A) White Sox,4,58,57,188,106,75,7,23,0,-5.4196,0,0,486.1,0,0,127,116,22,9,7,6,7,2,8,2,20,0,0,,47344,Joey Southerland,Chicago (A) White Sox,5,60,55,140,101,34,5,8,0,3.9702,0,0,502.1,0,0,115,110,15,13,5,4,7,1,12,1,12,0,0,,51700,Victor Cardo,San Francisco Giants,6,62,53,201,137,58,6,31,0,-5.8804,0,0,485.1,0,0,135,123,30,17,11,8,6,2,10,1,29,0,0,,50178,Ruben Filiano,Detroit Tigers,7,60,59,128,3,125,0,0,0,1.9655,0,0,528.0,0,0,97,96,23,15,11,5,25,9,16,0,40,0,0.0619,,50941,Tom Sams,St. Louis Cardinals,8,105,65,236,2,231,3,2,0,3.617,0,0,643.2,0,0,161,159,48,38,41,22,25,10,27,2,45,0,-1.8023,,48770,Josh Pontarelli,Minnesota Twins,9,61,61,125,3,119,3,0,0,1.3883,0,0,529.2,0,0,90,87,23,18,17,7,20,4,16,3,48,0,0.2344
55086,Jason Simpson,Texas Rangers,2,69,67,543,22,521,0,4,0,1.787,41,15,587.1,4,236,20,18,2,1,1,0,0,0,0,0,0,-1.6166,0,,42056,Enrique Malaparte,Washington Nationals,3,50,50,408,23,382,3,38,0,-0.2038,0,0,430.2,0,0,66,64,9,8,5,4,1,0,5,1,6,0,0,,56759,Nate Strong,New York (A) Yankees,4,58,48,170,93,74,3,23,0,1.1807,0,0,457.0,0,0,103,99,9,8,11,5,11,6,7,0,18,0,0,,47779,Mike Bridges,Toronto Blue Jays,5,55,55,111,78,31,2,6,0,-3.583,0,0,451.1,0,0,97,91,15,11,12,3,6,0,7,0,11,0,0,,50805,Erik White,Oakland Athletics,6,57,53,184,123,59,2,33,0,-0.3139,0,0,468.0,0,0,119,114,21,14,12,7,5,1,7,0,17,0,0,,46932,Quincy Muse,Toronto Blue Jays,7,83,54,111,2,106,3,0,0,-0.1914,0,0,517.2,0,0,80,79,27,22,13,3,10,2,19,0,34,0,-0.2717,,22514,Tyler Sontag,Chicago (A) White Sox,8,75,70,148,1,144,3,0,0,-6.0106,0,0,615.2,0,0,114,109,34,21,23,11,13,2,23,1,29,0,-2.3529,,31667,David Lodovico,Detroit Tigers,9,61,60,104,2,101,1,0,0,-5.8834,0,0,528.2,0,0,87,85,19,11,15,3,20,2,20,0,49,0,-2.4838
52100,Mario Medina,Los Angeles (A) Angels,2,67,67,556,21,532,3,0,0,-1.8582,53,11,579.0,10,248,20,19,4,2,2,1,0,0,0,0,0,2.0796,0,,46958,Geoff Jenkins,Texas Rangers,3,52,48,398,27,369,2,22,0,0.9639,0,0,408.2,0,0,87,86,7,5,2,2,1,0,3,0,6,0,0,,52292,Sam Ballard,Texas Rangers,4,53,52,210,132,77,1,25,0,5.0737,0,0,454.1,0,0,121,120,18,15,15,11,9,4,12,2,24,0,0,,24790,Jeff Taylor,New York (A) Yankees,5,48,48,114,77,33,4,4,0,-0.8725,0,0,423.0,0,0,105,98,8,7,4,1,6,0,5,0,3,0,0,,46040,Victor Hernandez,Colorado Rockies,6,50,48,187,121,63,3,28,0,-2.7998,0,0,411.1,0,0,123,116,12,8,23,10,11,5,11,1,20,0,0,,52557,Brent Coltharp,Tampa Bay Rays,7,56,56,116,1,113,2,0,0,1.4492,0,0,500.2,0,0,86,84,24,20,12,6,12,2,16,1,48,0,-1.9014,,49148,Ricky Olivares,Miami Marlins,8,71,64,203,2,199,2,0,0,7.3755,0,0,597.0,0,0,140,137,38,32,28,22,18,5,26,3,26,0,-0.6954,,24357,Bob Vega,Colorado Rockies,9,51,50,119,3,115,1,0,0,2.068,0,0,439.2,0,0,80,80,23,19,15,10,23,5,20,1,46,0,-1.0511
52137,Manny Medina,Detroit Tigers,2,63,62,508,32,476,0,7,0,0.2044,57,10,552.1,6,252,20,20,6,5,0,0,0,0,0,0,0,3.1747,0,,36291,Victor Vaughan,Philadelphia Phillies,3,47,47,442,19,421,2,36,0,1.3081,0,0,404.1,0,0,72,70,3,3,4,4,5,3,3,0,2,0,0,,48370,Ricky Rubio,Atlanta Braves,4,58,55,170,97,71,2,30,0,-1.1451,0,0,451.2,0,0,99,94,21,15,9,3,8,3,8,1,28,0,-0.0489,,46628,Troy Johnson,San Diego Padres,5,51,46,106,73,29,4,9,0,-4.4169,0,0,404.0,0,0,94,86,15,9,8,4,8,0,11,0,8,0,0,,26457,Cameron Mahar,San Diego Padres,6,47,47,165,108,50,7,24,0,-5.9483,0,0,408.1,0,0,122,105,16,12,7,4,8,2,7,0,16,0,0,,52427,Sean Powell,Philadelphia Phillies,7,67,54,115,1,113,1,0,0,0.4878,0,0,497.1,0,0,88,87,18,10,13,8,15,6,16,2,42,0,-0.6863,,48418,Jon Ramirez,New York (A) Yankees,8,62,51,121,2,118,1,0,0,1.4825,0,0,467.2,0,0,89,87,23,20,13,9,16,1,16,1,29,0,0.0687,,48796,Nick Fisher,Los Angeles (A) Angels,9,54,44,88,4,83,1,1,0,-1.584,0,0,402.2,0,0,68,67,15,11,11,3,11,2,16,0,38,0,0.4232
51036,Paul Saxby,Houston Astros,2,60,59,454,23,431,0,6,0,1.829,39,11,526.0,2,274,19,17,1,1,1,1,0,0,0,0,0,4.4896,0,,42606,William Gonzales,0,3,46,46,401,18,382,1,36,0,1.5924,0,0,398.0,0,0,60,59,4,4,5,5,2,1,2,0,2,0,0,,44772,Carlos Ursua,Washington Nationals,4,61,49,196,121,73,2,33,0,2.8754,0,0,447.2,0,0,109,107,20,14,16,11,9,2,8,3,17,0,0,,50661,Roland Little,Los Angeles (A) Angels,5,46,44,99,73,22,4,9,0,3.3402,0,0,378.0,0,0,80,75,13,11,3,2,4,2,6,1,10,0,0,,50183,Robby Almaguer,Philadelphia Phillies,6,50,40,157,110,42,5,29,0,1.3654,0,0,384.0,0,0,98,93,14,12,8,7,10,4,2,0,21,0,0,,50196,Luis Ramires,Milwaukee Brewers,7,55,55,86,2,83,1,1,0,0.5209,0,0,474.2,0,0,64,63,11,8,13,6,10,5,14,1,40,0,-0.7014,,47626,Teguh Alisjahbana,Colorado Rockies,8,48,48,126,2,122,2,0,0,-4.841,0,0,411.1,0,0,94,92,28,20,25,8,17,2,13,0,25,0,-1.5818,,52653,Dusty Wilson,Cleveland Guardians,9,47,46,83,3,79,1,0,0,0.4304,0,0,402.0,0,0,59,59,15,12,7,5,9,3,10,0,30,0,0.7182
51052,Josh Teply,Cincinnati Reds,2,60,57,546,23,522,1,3,0,2.4916,39,11,511.1,0,191,12,11,5,4,2,2,0,0,0,0,0,1.3411,0,,53776,Gui-fei Sa,Philadelphia Phillies,3,43,43,357,14,341,2,28,0,-0.8197,0,0,368.0,0,0,67,64,6,5,3,1,2,1,2,1,7,0,0,,52671,Adam Lussow,Colorado Rockies,4,53,53,190,106,84,0,33,0,-1.4525,0,0,440.1,0,0,113,109,16,9,8,4,7,2,5,0,24,0,0,,47700,Luke Ziegler,Baltimore Orioles,5,45,43,125,87,28,10,13,0,-5.1849,0,0,376.2,0,0,115,105,12,6,7,2,8,0,8,0,12,0,0,,38073,Mike Bunn,Chicago (A) White Sox,6,44,44,140,89,48,3,24,0,0.4374,0,0,376.0,0,0,95,90,11,9,12,5,9,4,6,0,15,0,0,,52112,Danny Cortez,Los Angeles (A) Angels,7,54,53,115,1,112,2,0,0,3.4607,0,0,454.2,0,0,79,78,24,20,13,6,15,6,18,2,40,0,-0.9996,,45833,Orlando Ortiz,San Francisco Giants,8,51,44,113,2,109,2,0,0,3.1004,0,0,403.0,0,0,82,80,14,13,21,10,15,4,13,2,23,0,-0.6346,,53678,Gabriel Portillo,San Diego Padres,9,47,45,108,2,106,0,0,0,4.3278,0,0,401.2,0,0,77,77,17,15,14,7,24,6,12,1,42,0,0.1824
44310,John Beanblossom,Miami Marlins,2,62,57,548,23,524,1,1,0,-0.458,62,10,508.0,4,177,20,20,2,1,0,0,0,0,0,0,0,1.6204,0,,50908,Stéphane Bouet,Toronto Blue Jays,3,44,43,310,26,283,1,31,0,-0.6009,0,0,356.2,0,0,70,68,5,4,4,2,1,0,2,0,1,0,0,,51077,Mark McDermott,Boston Red Sox,4,53,45,158,87,65,6,27,0,-0.4554,0,0,418.2,0,0,89,84,9,7,10,5,11,4,7,1,24,0,0,,38073,Mike Bunn,Chicago (A) White Sox,5,47,40,115,78,32,5,4,0,2.4687,0,0,376.1,0,0,91,86,12,11,7,5,4,2,6,0,9,0,0,,50616,Ken Schultz,Houston Astros,6,43,40,146,99,39,8,19,0,-8.6936,0,0,332.0,0,0,116,96,15,10,11,3,6,2,6,2,16,0,0.1343,,53849,Alex Correa,Tampa Bay Rays,7,51,50,78,0,78,0,0,0,-0.9319,0,0,445.2,0,0,56,55,25,14,11,6,17,2,12,1,35,0,1.2163,,49834,Alex Lujan,Oakland Athletics,8,57,41,121,3,117,1,0,0,3.3974,0,0,394.2,0,0,87,87,23,16,19,10,11,3,14,1,21,0,-0.4721,,50178,Ruben Filiano,Detroit Tigers,9,47,44,87,2,85,0,0,0,1.3713,0,0,390.1,0,0,63,62,12,8,19,11,9,3,11,1,27,0,-0.4036
50282,Leonel Valenzuela,Atlanta Braves,2,60,60,505,25,478,2,4,0,0.2579,48,10,502.0,5,218,13,13,6,6,0,0,0,0,0,0,0,-0.1202,0,,50532,Brian Witter,Milwaukee Brewers,3,42,40,312,19,292,1,25,0,1.1028,0,0,347.2,0,0,42,42,7,7,4,2,0,0,6,2,4,0,0,,50805,Erik White,Oakland Athletics,4,48,46,175,114,58,3,25,0,4.6564,0,0,405.1,0,0,112,109,9,8,16,11,9,4,11,4,24,0,0,,46780,Randy Roginski,Chicago (A) White Sox,5,43,42,87,55,25,7,4,0,-5.2607,0,0,369.0,0,0,80,70,14,6,3,1,1,0,2,0,5,0,0,,50690,Mike Leighton,Los Angeles (A) Angels,6,39,38,121,78,42,1,20,0,-0.7155,0,0,318.2,0,0,85,82,10,7,7,2,5,3,4,0,10,0,0,,26905,Kevin Aldrich,Cincinnati Reds,7,42,42,77,4,73,0,1,0,-4.5027,0,0,375.1,0,0,64,63,13,6,9,0,16,3,14,1,32,0,1.3981000000000001,,52608,Jonathan Gayle,New York (N) Mets,8,52,45,93,3,89,1,0,0,-5.6957,0,0,366.2,0,0,70,67,20,13,22,6,6,2,18,1,14,0,-1.3027,,48724,Andy Weaver,New York (N) Mets,9,44,42,83,1,82,0,0,0,1.0574,0,0,370.1,0,0,64,64,18,13,5,2,9,3,10,0,30,0,0.8795
49209,Zack Brown,San Diego Padres,2,53,50,509,29,476,4,3,0,0.1161,46,14,447.1,4,171,13,12,5,2,2,2,0,0,0,0,0,2.3662,0,,47779,Mike Bridges,Toronto Blue Jays,3,43,38,314,26,287,1,27,0,0.0562,0,0,347.1,0,0,64,63,5,5,1,1,3,0,1,0,2,0,0,,49815,Al Cormier,Cleveland Guardians,4,46,45,174,104,67,3,29,0,1.8102,0,0,400.1,0,0,112,106,13,8,9,7,7,3,7,1,26,0,0,,21295,Gus Garcia,Washington Nationals,5,41,41,117,87,28,2,10,0,2.0083,0,0,359.2,0,0,95,92,16,11,7,3,4,2,4,1,6,0,0,,55162,Justin Zelaya,Pittsburgh Pirates,6,42,35,120,84,33,3,18,0,-2.393,0,0,310.2,0,0,89,83,9,6,7,2,6,3,5,0,10,0,0,,46362,Roberto Quijada,Washington Nationals,7,42,41,78,0,77,1,0,0,-1.3593,0,0,367.2,0,0,63,62,14,10,7,3,16,0,20,2,30,0,-1.9129,,55132,Shaun Hartford,Detroit Tigers,8,41,41,98,2,96,0,0,0,-5.6063,0,0,365.0,0,0,74,73,27,16,18,5,17,1,16,1,14,0,-2.3975,,50867,Jeremy Turner,Seattle Mariners,9,34,34,71,1,70,0,0,0,0.5878,0,0,295.2,0,0,53,51,15,13,9,5,7,1,11,0,20,0,-0.4781
49734,Aaron Bailey,Boston Red Sox,2,67,47,463,20,441,2,2,0,-0.7778,45,6,439.0,4,148,17,16,3,3,1,1,0,0,0,0,0,2.7035,0,,46628,Troy Johnson,San Diego Padres,3,54,32,281,20,260,1,20,0,0.589,0,0,322.2,0,0,55,54,6,5,3,1,4,2,2,0,4,0,0,,50210,Byron Addams,New York (A) Yankees,4,47,46,178,111,60,7,25,0,1.9368,0,0,387.1,0,0,110,104,17,13,13,10,6,4,6,1,22,0,0,,52391,Sean Bruce,St. Louis Cardinals,5,43,39,100,80,18,2,7,0,-4.8611,0,0,357.0,0,0,102,90,9,6,5,1,2,0,8,0,8,0,0,,50968,Tim Zingale,Chicago (N) Cubs,6,36,33,106,76,27,3,15,0,4.0936,0,0,285.1,0,0,58,56,11,11,14,12,4,2,5,1,12,0,0,,56298,Willie Cornejo,Los Angeles (N) Dodgers,7,42,41,63,0,63,0,0,0,-6.9133,0,0,345.2,0,0,60,56,13,3,8,2,4,2,12,0,23,0,1.5873,,47737,Erik Mason,Los Angeles (A) Angels,8,43,40,120,0,118,2,0,0,2.5748,0,0,364.1,0,0,83,81,26,21,16,11,12,5,15,0,21,0,-1.0885,,50232,Danny Altreche,Detroit Tigers,9,34,34,55,2,53,0,0,0,-5.8465,0,0,290.0,0,0,47,43,15,7,7,2,9,0,17,1,25,0,-0.4384
51062,Steve Leggett,Minnesota Twins,2,83,40,428,18,409,1,5,0,0.6221,26,6,423.2,4,173,17,17,1,0,1,1,0,0,0,0,0,4.9958,0,,58353,Nathan Stienstra,Baltimore Orioles,3,44,38,342,26,314,2,30,0,-0.1796,0,0,311.0,0,0,60,58,3,3,1,0,0,0,3,0,4,0,0,,50206,Octavio Cabrera,Cincinnati Reds,4,52,39,155,92,62,1,23,0,3.3763,0,0,381.1,0,0,91,89,13,10,10,8,13,6,7,1,15,0,0,,36111,Danny Espinoza,Miami Marlins,5,40,38,124,94,28,2,10,0,4.6072,0,0,341.1,0,0,101,99,15,12,6,4,4,2,5,0,7,0,0,,52669,Bill Vaughn,Boston Red Sox,6,53,28,108,85,22,1,13,0,3.6229,0,0,283.0,0,0,77,76,10,9,10,8,3,2,5,0,8,0,0,,48796,Nick Fisher,Los Angeles (A) Angels,7,42,42,72,1,70,1,1,0,3.3948,0,0,340.2,0,0,50,49,5,4,18,11,8,3,19,3,33,0,0.6448,,46911,Dave McClure,Baltimore Orioles,8,43,37,83,3,80,0,0,0,-4.0733,0,0,339.0,0,0,60,58,24,15,15,5,10,1,14,1,13,0,-0.7035,,52391,Sean Bruce,St. Louis Cardinals,9,46,31,73,1,72,0,0,0,0.8618,0,0,279.0,0,0,57,56,11,8,4,4,9,4,14,0,27,0,0.5224
51212,Kevin Allder,Oakland Athletics,2,47,45,453,18,434,1,1,0,0.5028,46,11,412.2,4,155,15,14,1,1,1,1,0,0,0,0,0,4.7235,0,,47266,Joel Taylor,Houston Astros,3,36,33,314,32,280,2,20,0,0.2758,0,0,298.0,0,0,61,59,5,4,2,2,0,0,4,1,6,0,0,,51769,Rodrigo Suarez,Washington Nationals,4,44,40,143,84,59,0,24,0,-2.1085,0,0,359.1,0,0,93,89,11,7,8,2,8,2,7,0,28,0,0,,29116,Matt Roach,Houston Astros,5,42,42,95,72,21,2,4,0,2.8655,0,0,326.1,0,0,72,70,16,15,3,2,7,2,8,1,9,0,0,,52653,Dusty Wilson,Cleveland Guardians,6,33,31,109,68,39,2,23,0,-1.2531,0,0,282.0,0,0,62,58,8,6,6,4,8,3,8,0,4,0,0,,52608,Jonathan Gayle,New York (N) Mets,7,48,39,65,5,60,0,1,0,1.8455,0,0,334.1,0,0,47,47,5,4,11,5,12,1,14,3,29,0,0.6627,,59931,Larry Phillips,New York (N) Mets,8,42,38,105,0,105,0,0,0,2.0262,0,0,328.1,0,0,79,78,20,17,15,9,12,0,10,1,10,0,1.3627,,47608,Nolan Lee,Miami Marlins,9,29,26,53,1,52,0,1,0,1.0524,0,0,240.2,0,0,33,32,12,10,12,5,8,3,13,2,13,0,0.5828
55304,Josh Williams,Cleveland Guardians,2,44,44,427,17,409,1,6,0,-0.4882,47,9,387.2,3,167,17,16,1,1,0,0,0,0,0,0,0,-4.0258,0,,44729,Edwin Aredondo,Minnesota Twins,3,40,30,290,21,267,2,18,0,-1.1519,0,0,273.1,0,0,61,58,3,3,1,0,3,0,5,0,4,0,0,,47654,Joe Bittar,New York (N) Mets,4,42,39,127,88,34,5,17,0,2.8381,0,0,341.1,0,0,89,83,9,9,6,5,4,3,3,2,14,0,0,,46880,Jaden Kemp,Seattle Mariners,5,41,38,89,59,27,3,4,0,2.9104,0,0,325.0,0,0,76,73,7,5,6,4,3,2,5,0,5,0,0,,42268,Arturo Banda,Los Angeles (A) Angels,6,43,26,98,70,27,1,16,0,-0.3917,0,0,272.2,0,0,62,58,10,8,9,5,6,1,4,1,7,0,0,,54854,Victor de la Paz,Seattle Mariners,7,37,35,54,1,53,0,0,0,-1.3564,0,0,313.0,0,0,41,40,12,8,3,2,12,3,5,0,20,0,-0.6813,,42334,Willie Ardinghi,Seattle Mariners,8,37,34,73,3,69,1,0,0,-2.9378,0,0,302.0,0,0,55,53,13,8,16,6,10,1,12,1,20,0,-0.0353,,53849,Alex Correa,Tampa Bay Rays,9,26,26,41,1,40,0,0,0,-1.0054,0,0,231.0,0,0,30,29,8,5,11,4,8,2,17,0,22,0,2.4094
49105,Chris Linkous,Philadelphia Phillies,2,46,40,337,14,320,3,1,0,0.0615,27,6,361.1,1,147,11,10,5,5,1,0,0,0,0,0,0,3.5296,0,,46880,Jaden Kemp,Seattle Mariners,3,30,30,246,22,224,0,22,0,1.0029,0,0,263.2,0,0,49,49,5,5,2,1,1,0,1,0,1,0,0,,27581,Roberto Ceja,St. Louis Cardinals,4,39,37,138,78,54,6,29,0,-8.2028,0,0,332.0,0,0,93,78,10,5,9,5,2,0,6,0,19,0,0,,56946,Willie Torres,Los Angeles (A) Angels,5,42,38,119,81,34,4,6,0,-4.158,0,0,321.0,0,0,109,98,15,12,7,2,5,0,7,0,7,0,0,,44772,Carlos Ursua,Washington Nationals,6,33,32,137,96,35,6,25,0,1.0624,0,0,272.2,0,0,82,74,13,12,13,8,7,3,5,1,15,0,0,,58372,Brian Buron,Kansas City Royals,7,46,31,65,0,65,0,0,0,-0.1655,0,0,308.1,0,0,48,48,14,12,8,3,9,2,14,0,20,0,-0.3597,,53678,Gabriel Portillo,San Diego Padres,8,33,32,79,1,78,0,0,0,-2.6139,0,0,280.2,0,0,61,59,16,12,14,3,13,4,14,0,15,0,1.8121,,47741,John Ploughman,Chicago (A) White Sox,9,32,23,58,1,57,0,0,0,0.6321,0,0,228.2,0,0,48,46,7,4,5,3,7,4,7,0,20,0,0.2383
50262,Gerardo Bernal,Chicago (A) White Sox,2,40,39,423,14,409,0,3,0,-0.473,33,7,360.1,6,120,13,13,1,1,0,0,0,0,0,0,0,-2.0117,0,,50743,Rick Brown,New York (N) Mets,3,32,29,254,21,232,1,15,0,-0.8752,0,0,263.1,0,0,57,55,6,4,3,1,2,1,0,0,1,0,0,,52572,Jose Avila,Oakland Athletics,4,36,33,128,76,52,0,20,0,0.754,0,0,302.1,0,0,83,81,6,4,4,2,8,2,3,1,16,0,0,,33535,Brandon Tyson,Cleveland Guardians,5,30,29,82,56,26,0,4,0,1.9615,0,0,260.0,0,0,75,73,8,7,1,0,2,1,4,0,3,0,0,,28824,Chris Vanover,Chicago (A) White Sox,6,33,28,102,71,27,4,16,0,-0.4456,0,0,266.2,0,0,70,66,10,9,6,3,5,2,6,0,19,0,0,,61108,Chang-weon Hann,Boston Red Sox,7,44,33,68,0,68,0,0,0,0.6657,0,0,296.1,0,0,52,52,12,10,11,5,14,1,10,0,24,0,-0.7663,,47728,Phil Dorsey,Minnesota Twins,8,76,20,82,2,80,0,0,0,3.5349,0,0,279.1,0,0,54,54,19,18,9,4,12,2,15,2,12,0,-0.804,,30037,Jon Burns,Colorado Rockies,9,27,26,48,1,47,0,0,0,-1.6759,0,0,217.2,0,0,39,39,9,5,4,2,8,1,8,0,19,0,-0.6877
53736,Omar Cruz,New York (A) Yankees,2,41,39,382,9,372,1,0,0,-0.4166,32,6,352.1,4,104,8,8,1,0,1,1,0,0,0,0,0,-3.0861,0,,51790,Noe Pereira,Philadelphia Phillies,3,30,29,271,14,257,0,27,0,1.5498,0,0,252.2,0,0,44,44,8,7,1,0,0,0,2,1,3,0,0,,58365,John Syring,Kansas City Royals,4,63,27,126,72,54,0,32,0,2.7372,0,0,299.0,0,0,60,60,14,12,4,1,6,2,1,0,25,0,0,,52518,Jon Manning,New York (N) Mets,5,32,29,91,62,26,3,4,0,-3.4794,0,0,259.0,0,0,80,74,10,6,6,3,5,0,8,0,5,0,0,,53284,Eric Cimini,Tampa Bay Rays,6,30,30,131,93,35,3,16,0,3.2914,0,0,263.1,0,0,87,81,14,14,13,9,2,0,5,1,13,0,-0.0128,,58366,Matt Warchol,Philadelphia Phillies,7,35,34,65,1,64,0,1,0,-0.3299,0,0,285.0,0,0,47,47,13,12,11,4,14,1,9,0,19,0,-1.758,,48761,Fred Heinke,New York (N) Mets,8,32,29,67,2,65,0,0,0,-1.4497,0,0,249.0,0,0,48,47,19,13,9,3,13,2,9,0,12,0,0.0186,,48772,Jack Banks,Chicago (N) Cubs,9,26,23,39,1,38,0,0,0,1.1271,0,0,212.0,0,0,25,25,9,9,4,1,3,1,11,2,14,0,-0.6478
50218,Carlos Deras,Seattle Mariners,2,47,38,362,17,345,0,2,0,0.5858,31,5,344.0,0,114,10,10,4,3,1,1,0,0,0,0,0,-0.1156,0,,52230,Alex Alcala,Tampa Bay Rays,3,31,27,251,31,219,1,21,0,0.0108,0,0,238.1,0,0,52,51,9,7,3,3,2,1,2,0,6,0,0,,50968,Tim Zingale,Chicago (N) Cubs,4,35,34,136,80,54,2,26,0,2.8984,0,0,298.0,0,0,77,75,12,11,3,1,6,4,8,2,18,0,0,,54998,Gerardo Dominguez,Cleveland Guardians,5,27,27,68,41,24,3,5,0,-4.1376,0,0,242.0,0,0,66,59,10,4,2,0,3,0,5,0,1,0,0,,46780,Randy Roginski,Chicago (A) White Sox,6,30,27,80,56,20,4,6,0,-3.176,0,0,243.2,0,0,62,54,10,10,6,1,2,0,3,2,10,0,0,,56879,Matt Wilkes,Colorado Rockies,7,30,30,67,0,66,1,0,0,-3.3365,0,0,259.0,0,0,55,53,15,10,10,2,2,1,12,0,15,0,1.953,,49776,Joe Spears,Los Angeles (N) Dodgers,8,59,20,83,2,81,0,0,0,4.2074,0,0,245.0,0,0,56,55,16,14,9,5,10,6,13,1,23,0,-0.4223,,49148,Ricky Olivares,Miami Marlins,9,24,24,49,0,47,2,0,0,1.2543,0,0,210.0,0,0,35,35,10,9,9,1,6,2,11,0,15,0,1.5751
48330,Victor Castellanos,Chicago (N) Cubs,2,38,38,359,18,340,1,3,0,0.8993,35,12,337.0,3,156,11,11,3,2,0,0,0,0,0,0,0,-7.2721,0,,52653,Dusty Wilson,Cleveland Guardians,3,27,25,214,21,193,0,17,0,1.4815,0,0,230.2,0,0,55,55,5,5,2,2,0,0,0,0,3,0,0,,44465,Ryan Penning,Atlanta Braves,4,37,34,117,64,52,1,23,0,2.0194,0,0,294.1,0,0,57,55,6,4,6,5,6,3,3,1,21,0,0,,48378,Montes Gomez,Toronto Blue Jays,5,37,24,66,49,15,2,3,0,1.1372999999999998,0,0,240.0,0,0,61,59,5,4,1,1,1,0,3,0,8,0,0,,46077,Tim Brouillet,New York (N) Mets,6,28,27,92,51,37,4,12,0,-5.0038,0,0,240.1,0,0,57,52,18,8,8,3,4,2,6,0,21,0,0,,42108,Lorenzo Miranda,Baltimore Orioles,7,41,24,50,0,50,0,0,0,0.3532,0,0,249.2,0,0,43,43,7,3,3,2,8,2,4,0,17,0,-0.6596,,53849,Alex Correa,Tampa Bay Rays,8,19,19,46,2,44,0,0,0,-0.8604,0,0,176.1,0,0,35,34,12,8,5,1,3,1,5,0,9,0,-0.5047,,48988,Don Koch,New York (N) Mets,9,30,24,34,0,34,0,0,0,-2.2278,0,0,205.1,0,0,34,32,2,1,7,0,6,1,6,0,16,0,0.7535
49328,Eddie Maravilla,Arizona Diamondbacks,2,40,37,287,16,270,1,1,0,-0.006,23,3,337.0,3,149,14,14,5,4,0,0,0,0,0,0,0,1.5153,0,,50661,Roland Little,Los Angeles (A) Angels,3,58,16,225,22,202,1,19,0,0.3168,0,0,226.0,0,0,57,55,4,4,2,2,0,0,1,0,1,0,0,,46040,Victor Hernandez,Colorado Rockies,4,56,27,121,68,52,1,19,0,2.0546,0,0,291.0,0,0,74,72,10,9,9,8,4,1,4,0,18,0,0,,46040,Victor Hernandez,Colorado Rockies,5,28,27,80,60,17,3,5,0,-0.3888,0,0,238.2,0,0,71,65,10,7,3,3,0,0,3,0,3,0,0,,47893,Chris Duff,Toronto Blue Jays,6,26,26,98,71,27,0,11,0,-0.4069,0,0,219.0,0,0,76,70,5,4,12,6,6,4,6,0,9,0,0,,51049,Rusty Garbarino,Tampa Bay Rays,7,26,26,52,0,52,0,0,0,-0.4821,0,0,238.2,0,0,41,41,9,6,9,3,11,2,8,0,14,0,-0.4494,,46704,Dan Whitman,Boston Red Sox,8,25,18,45,1,43,1,0,0,0.1175,0,0,173.0,0,0,29,28,12,11,7,3,8,0,8,1,8,0,0.0447,,48762,Jimmy Marcus,Boston Red Sox,9,25,24,51,0,50,1,0,0,0.899,0,0,205.0,0,0,39,38,9,6,2,1,7,4,8,1,17,0,-1.2207
50001,Juan Galeas,Los Angeles (N) Dodgers,2,39,38,346,9,337,0,2,0,0.4349,31,6,335.2,0,134,6,6,1,0,0,0,0,0,0,0,0,0.7013,0,,52322,Ethan Burns,Pittsburgh Pirates,3,69,4,212,16,195,1,19,0,0.5876,0,0,217.0,0,0,39,37,6,6,1,1,0,0,1,1,4,0,0,,52230,Alex Alcala,Tampa Bay Rays,4,34,34,115,70,43,2,22,0,-3.3485,0,0,284.2,0,0,76,69,14,8,3,2,6,1,8,0,10,0,0,,46706,Gary Evans,San Francisco Giants,5,26,26,59,42,11,6,4,0,-5.5023,0,0,224.0,0,0,59,48,4,3,4,1,3,0,2,0,6,0,0,,50603,Rich Folks,New York (N) Mets,6,28,24,76,52,24,0,11,0,0.05,0,0,215.0,0,0,52,50,7,5,1,1,3,1,4,0,18,0,0,,42089,Ramiro Baraza,Cincinnati Reds,7,28,27,45,2,42,1,0,0,-0.3183,0,0,236.0,0,0,38,37,5,4,0,0,5,1,9,0,17,0,-0.159,,48873,Chris Ewald,New York (N) Mets,8,20,19,39,1,38,0,0,0,-3.4981,0,0,160.0,0,0,35,32,8,5,5,1,5,0,6,0,10,0,-1.0701,,47654,Joe Bittar,New York (N) Mets,9,24,23,44,1,43,0,0,0,-0.1693,0,0,189.2,0,0,35,35,6,3,10,3,4,0,11,2,13,0,2.255
51116,Brian Melton,Pittsburgh Pirates,2,45,37,327,11,316,0,2,0,0.3854,31,5,322.2,0,140,10,9,0,0,0,0,0,0,0,0,0,-0.0962,0,,51590,Mario Amalla,Cincinnati Reds,3,23,20,195,19,175,1,9,0,0.7615,0,0,191.0,0,0,43,41,7,7,0,0,2,2,0,0,1,0,0,,52079,Dan Maez,Detroit Tigers,4,33,32,110,65,45,0,19,0,1,0,0,271.0,0,0,58,57,12,11,6,3,7,1,5,1,11,0,0,,50210,Byron Addams,New York (A) Yankees,5,26,25,69,42,24,3,4,0,0.4991,0,0,214.0,0,0,59,56,9,5,1,1,1,0,4,0,2,0,0,,56779,Adrian Case,New York (A) Yankees,6,25,23,80,55,25,0,14,0,-1.2836,0,0,198.1,0,0,55,52,9,7,5,2,5,1,2,0,7,0,0,,51523,Scott Brock,Baltimore Orioles,7,29,27,56,3,51,2,1,0,-1.0471,0,0,222.0,0,0,40,38,9,9,7,3,4,1,9,0,15,0,0.6839,,52022,Melvin Martinez,Atlanta Braves,8,18,16,30,0,29,1,0,0,-3.2699,0,0,150.0,0,0,23,21,9,6,7,2,3,0,5,0,9,0,-0.4475,,29057,Pat Branco,Pittsburgh Pirates,9,29,21,39,0,37,2,0,0,-1.7714,0,0,185.0,0,0,32,31,6,5,5,1,4,0,7,0,17,0,0.6568
50278,Oscar Vazquez,New York (N) Mets,2,38,35,327,13,313,1,3,0,-0.1597,32,4,322.0,3,191,16,15,1,1,1,1,0,0,0,0,0,-3.8477,0,,52727,Erik Moore,Miami Marlins,3,23,20,183,18,163,2,13,0,-0.064,0,0,188.1,0,0,33,30,7,7,1,1,0,0,1,1,0,0,0,,50189,Luis Diaz,Seattle Mariners,4,35,29,95,53,38,4,13,0,-5.3282,0,0,269.2,0,0,66,59,8,2,6,3,6,0,4,2,14,0,0,,52451,Jared Rettler,Oakland Athletics,5,26,23,63,40,19,4,3,0,-0.5477,0,0,213.1,0,0,55,49,5,4,5,3,1,0,0,0,3,0,0,,54925,Alex de Santos,Texas Rangers,6,23,21,82,57,24,1,8,0,-0.3305,0,0,191.1,0,0,64,60,8,6,3,3,6,1,1,0,15,0,0,,34574,Ivan Galvan,Toronto Blue Jays,7,27,25,48,1,46,1,1,0,0.2431,0,0,210.0,0,0,34,33,10,7,4,2,9,3,7,1,15,0,0.326,,44796,Carlos Zarate,Baltimore Orioles,8,20,19,36,2,34,0,2,0,-2.0096,0,0,147.0,0,0,27,27,7,3,6,3,6,1,3,0,8,0,-1.1352,,52657,Tony Martinez,Detroit Tigers,9,24,19,52,0,52,0,0,0,3.4153,0,0,183.0,0,0,36,36,9,8,8,7,4,1,5,0,11,0,0.1393
50220,Ed Martinez,Milwaukee Brewers,2,39,37,332,17,315,0,5,0,1.0642,32,9,314.0,2,134,10,10,4,4,0,0,0,0,0,0,0,-0.236,0,,56760,Joe Scott,San Diego Padres,3,26,20,178,14,164,0,21,0,0.4747,0,0,180.1,0,0,40,40,5,5,4,2,1,0,1,0,0,0,0,,24760,Steve Regan,Chicago (N) Cubs,4,32,29,102,53,44,5,19,0,-4.3512,0,0,261.0,0,0,66,57,5,3,7,1,2,1,6,0,18,0,0,,50189,Luis Diaz,Seattle Mariners,5,29,22,51,34,14,3,5,0,-0.7876,0,0,208.2,0,0,44,40,7,5,2,2,4,1,5,0,2,0,0,,24208,Remo Carone,Baltimore Orioles,6,22,21,89,60,26,3,15,0,-1.3711,0,0,181.0,0,0,60,55,5,4,6,2,6,3,2,1,10,0,0,,52022,Melvin Martinez,Atlanta Braves,7,27,24,59,1,58,0,0,0,2.5441,0,0,209.2,0,0,45,45,7,7,8,3,4,1,11,2,25,0,0.0893,,52052,Jorge Ochoa,Cincinnati Reds,8,19,17,40,2,38,0,1,0,-2.0848,0,0,146.0,0,0,29,28,10,7,6,2,4,1,9,0,3,0,-0.0267,,52427,Sean Powell,Philadelphia Phillies,9,30,19,42,3,39,0,1,0,-1.3651,0,0,182.1,0,0,33,32,6,5,4,1,6,1,5,0,14,0,-0.4573
58368,Ryan Johnston,San Francisco Giants,2,38,34,351,13,338,0,0,0,-0.0725,34,3,305.0,1,123,9,9,5,5,0,0,0,0,0,0,0,-0.635,0,,48402,Ricardo Rubio,Philadelphia Phillies,3,21,19,177,12,163,2,18,0,-0.4909,0,0,169.0,0,0,36,34,2,2,2,1,1,0,0,0,1,0,0,,52798,Clint Reynolds,Arizona Diamondbacks,4,43,24,112,71,41,0,15,0,2.782,0,0,256.1,0,0,76,75,12,10,2,1,3,2,6,2,11,0,0,,51175,Tom Bjorklund,Miami Marlins,5,25,23,66,46,20,0,5,0,1.8546,0,0,204.0,0,0,52,52,5,5,3,2,3,1,4,0,3,0,0,,50168,Hugo de Leon,Minnesota Twins,6,29,17,67,43,21,3,6,0,-3.1714,0,0,170.0,0,0,53,47,9,5,7,2,1,0,5,1,7,0,0,,46377,Jonathan Sparks,Chicago (A) White Sox,7,28,21,37,1,35,1,0,0,-0.7,0,0,207.0,0,0,31,31,5,3,2,1,5,0,9,0,25,0,-0.9924,,47654,Joe Bittar,New York (N) Mets,8,27,14,33,0,33,0,0,0,-2.3123,0,0,142.0,0,0,26,25,7,5,8,2,4,0,9,1,6,0,1.4108,,52052,Jorge Ochoa,Cincinnati Reds,9,22,21,49,2,47,0,0,0,0.9334,0,0,180.2,0,0,37,36,7,6,2,0,4,3,9,2,12,0,1.0941
52564,Jon Brindisi,Pittsburgh Pirates,2,31,30,262,17,243,2,2,0,0.0596,24,5,265.0,3,111,7,6,5,5,1,1,0,0,0,0,0,1.9476,0,,35077,Fergus Anderson,Philadelphia Phillies,3,22,17,171,16,155,0,20,0,0.9399,0,0,167.2,0,0,35,35,1,1,2,2,1,0,0,0,0,0,0,,52368,Jeff Daniels,Chicago (A) White Sox,4,31,27,107,62,45,0,16,0,2.6789,0,0,243.1,0,0,55,54,5,4,6,5,9,3,3,0,12,0,0,,36291,Victor Vaughan,Philadelphia Phillies,5,26,23,55,45,7,3,6,0,2.3075,0,0,202.0,0,0,40,38,6,5,6,6,1,0,3,1,4,0,0,,56340,David Saldivar,Seattle Mariners,6,41,13,58,39,16,3,7,0,-2.2889,0,0,169.0,0,0,39,37,10,6,3,1,3,1,6,0,11,0,0,,50274,Alex Canales,Oakland Athletics,7,28,22,47,0,47,0,0,0,0.7546,0,0,202.0,0,0,38,37,9,8,4,2,2,0,7,0,14,0,0.1433,,48772,Jack Banks,Chicago (N) Cubs,8,23,16,37,1,36,0,0,0,-1.1872,0,0,142.0,0,0,28,28,8,6,4,1,5,1,5,0,6,0,-0.5452,,38545,T.J. Lee,Atlanta Braves,9,23,19,36,4,31,1,0,0,0.1192,0,0,174.0,0,0,23,23,6,6,3,2,6,0,9,0,21,0,0.6215
50751,Marc King,0,2,27,25,238,5,230,3,0,0,-0.4908,14,1,230.1,1,85,5,4,0,0,0,0,0,0,0,0,0,-0.6496,0,,44843,Edgar Navarro,Los Angeles (N) Dodgers,3,29,19,148,12,136,0,9,0,0.045,0,0,167.2,0,0,29,29,3,2,1,0,0,0,0,0,2,0,0,,38455,Tyler Morrison,Colorado Rockies,4,35,27,104,69,35,0,15,0,2.922,0,0,240.1,0,0,67,66,7,4,4,4,10,4,5,1,5,0,0,,58413,Harvey Stoppard,New York (A) Yankees,5,22,21,54,42,11,1,3,0,-0.9528,0,0,189.0,0,0,50,47,9,6,3,0,0,0,8,0,5,0,0,,45961,Chris Davis,San Diego Padres,6,22,18,73,49,19,5,8,0,-2.6895,0,0,165.1,0,0,46,42,15,10,6,3,4,0,3,0,5,0,0,,48772,Jack Banks,Chicago (N) Cubs,7,26,21,36,1,35,0,0,0,-0.9692,0,0,197.2,0,0,30,29,7,4,2,1,8,1,3,0,20,0,-0.1251,,47026,Michael Medina,Pittsburgh Pirates,8,24,16,42,0,42,0,0,0,-2.8092,0,0,141.2,0,0,33,33,14,8,5,0,7,1,5,0,6,0,0.9975,,49034,Devin Bouma,New York (N) Mets,9,32,17,36,1,35,0,0,0,1.4888,0,0,169.0,0,0,26,26,6,6,1,1,3,2,6,0,5,0,-0.1554
52340,Jeremy Weir,Cleveland Guardians,2,21,21,204,9,195,0,1,0,-0.4708,25,3,188.0,1,74,3,3,0,0,0,0,0,0,0,0,0,-0.5569,0,,34079,Jayden Trotter,Tampa Bay Rays,3,19,18,165,12,153,0,16,0,0.2432,0,0,158.0,0,0,26,26,6,5,0,0,1,0,0,0,0,0,0,,49305,Scott Schneider,San Francisco Giants,4,35,25,83,55,28,0,13,0,2.6992,0,0,239.2,0,0,41,41,4,3,7,5,8,6,8,1,18,0,0,,52448,Dustin Williams,Arizona Diamondbacks,5,31,15,69,45,23,1,4,0,1.9288,0,0,168.1,0,0,57,55,5,4,6,4,5,2,3,1,6,0,0,,53243,Jerry Vincent,Tampa Bay Rays,6,18,18,61,41,19,1,10,0,0.3717,0,0,164.0,0,0,41,40,2,2,9,3,1,0,0,0,13,0,0,,44709,Marciano Ruelas,Chicago (A) White Sox,7,28,18,32,1,31,0,0,0,0.7732,0,0,189.2,0,0,24,24,5,4,3,1,8,1,4,1,19,0,-0.3821,,46362,Roberto Quijada,Washington Nationals,8,17,15,45,1,44,0,0,0,-0.909,0,0,139.2,0,0,35,33,8,7,7,3,8,1,9,0,5,0,-0.4804,,44843,Edgar Navarro,Los Angeles (N) Dodgers,9,20,17,29,1,28,0,0,0,-2.0791,0,0,166.0,0,0,23,23,8,5,2,0,6,0,11,0,13,0,-0.0096
52763,ID 52763,Miami Marlins,2,20,18,152,7,144,1,0,0,0.1764,20,5,173.1,2,65,3,3,2,2,0,0,0,0,0,0,0,0.015,0,,52023,Edgar Medina,Atlanta Braves,3,18,18,134,12,121,1,10,0,-0.8862,0,0,157.0,0,0,22,20,4,3,0,0,2,1,0,0,1,0,0,,42468,Emanuele Cirese,Los Angeles (N) Dodgers,4,34,22,85,49,35,1,12,0,1.6516,0,0,218.2,0,0,54,53,8,8,4,3,6,3,2,0,8,0,0,,50908,Stéphane Bouet,Toronto Blue Jays,5,19,19,40,32,8,0,3,0,-0.908,0,0,165.2,0,0,39,36,3,3,2,0,3,0,3,0,3,0,0,,51077,Mark McDermott,Boston Red Sox,6,23,18,56,33,21,2,8,0,-2.8067,0,0,161.0,0,0,31,31,10,4,8,0,2,1,1,0,8,0,0,,44843,Edgar Navarro,Los Angeles (N) Dodgers,7,23,21,48,0,47,1,0,0,-2.4035,0,0,187.2,0,0,39,36,9,6,4,3,7,2,2,0,17,0,0.8028,,50246,Mario Gutierrez,Los Angeles (N) Dodgers,8,24,14,33,0,33,0,0,0,-0.4536,0,0,132.1,0,0,21,20,15,11,4,0,3,2,3,0,8,0,-0.2664,,50707,Shane Serrato,New York (N) Mets,9,27,19,34,0,34,0,0,0,-1.6927,0,0,157.0,0,0,25,25,11,6,7,2,5,1,3,0,13,0,-0.3483
55176,Austin Gillette,St. Louis Cardinals,2,19,19,146,5,141,0,1,0,-0.3546,18,2,157.0,1,113,5,5,0,0,0,0,0,0,0,0,0,-2.7304,0,,46813,Chris Greco,Texas Rangers,3,22,16,156,11,144,1,13,0,0.2631,0,0,152.1,0,0,24,23,3,3,0,0,1,0,3,0,2,0,0,,54160,Ramiro Quintanilla,Detroit Tigers,4,23,23,76,49,26,1,16,0,1.252,0,0,200.1,0,0,38,37,10,7,6,5,0,0,3,0,11,0,0,,47888,Ben Mishoe,Pittsburgh Pirates,5,49,5,49,31,18,0,3,0,0.4581,0,0,163.0,0,0,43,41,8,4,2,2,3,0,1,0,3,0,0,,52321,Josh Holden,Cincinnati Reds,6,19,19,66,40,23,3,8,0,-0.5148,0,0,159.1,0,0,44,40,9,8,7,5,7,1,2,1,10,0,0,,56760,Joe Scott,San Diego Padres,7,36,16,34,1,33,0,0,0,-0.8024,0,0,170.2,0,0,28,28,4,3,6,2,2,0,6,0,17,0,-0.2768,,52280,Paul Richie,Atlanta Braves,8,22,14,40,1,38,1,0,0,-1.3428,0,0,126.2,0,0,32,31,8,5,4,2,3,0,3,0,6,0,0.2546,,50246,Mario Gutierrez,Los Angeles (N) Dodgers,9,16,15,35,1,34,0,0,0,0.5959,0,0,140.0,0,0,27,27,4,4,1,1,8,1,4,1,12,0,0.4593
52491,Pat Huckins,Atlanta Braves,2,18,18,139,7,131,1,0,0,0.2457,6,2,155.0,3,92,6,6,2,1,0,0,0,0,0,0,0,-0.8254,0,,51769,Rodrigo Suarez,Washington Nationals,3,20,16,142,15,127,0,22,0,0.668,0,0,152.0,0,0,19,19,5,5,2,2,0,0,1,0,3,0,0,,46813,Chris Greco,Texas Rangers,4,28,22,75,43,31,1,8,0,-1.6118,0,0,196.0,0,0,51,48,6,5,4,1,5,1,2,0,10,0,0,,50206,Octavio Cabrera,Cincinnati Reds,5,17,17,47,30,14,3,1,0,0.263,0,0,150.0,0,0,41,38,4,3,1,1,0,0,1,1,2,0,0,,50206,Octavio Cabrera,Cincinnati Reds,6,25,17,53,33,15,5,7,0,-1.9032,0,0,158.0,0,0,35,32,7,4,3,1,5,1,2,0,10,0,0,,49334,Jim Aguilar,Tampa Bay Rays,7,19,19,35,1,34,0,1,0,1.1947,0,0,165.1,0,0,25,25,5,4,2,2,4,2,7,1,14,0,0.7644,,42372,Raul Ortega,Oakland Athletics,8,20,11,33,0,33,0,0,0,-0.2274,0,0,126.1,0,0,24,24,6,5,8,2,4,2,8,0,4,0,0.0426,,50274,Alex Canales,Oakland Athletics,9,15,13,33,0,33,0,0,0,2.0421,0,0,132.1,0,0,24,24,5,5,3,1,5,2,3,1,22,0,0.1114
50595,Ryan Siegel,St. Louis Cardinals,2,18,16,162,10,152,0,2,0,1.1236,12,6,147.0,1,53,4,4,1,1,0,0,0,0,0,0,0,-0.0602,0,,50281,Juan Cueto,Minnesota Twins,3,21,17,154,5,147,2,12,0,-1.9719,0,0,150.0,0,0,12,9,3,2,1,0,0,0,0,0,0,0,0,,52004,Ramon Colocho,San Francisco Giants,4,23,23,74,39,35,0,6,0,-0.571,0,0,195.1,0,0,49,46,4,3,9,3,3,3,4,1,9,0,0,,50168,Hugo de Leon,Minnesota Twins,5,28,15,55,43,12,0,6,0,3.3755,0,0,146.1,0,0,44,44,5,4,3,3,4,3,3,0,6,0,0,,51175,Tom Bjorklund,Miami Marlins,6,21,17,86,59,24,3,17,0,0.6091,0,0,157.1,0,0,50,46,11,11,5,3,3,1,4,1,12,0,0,,46021,Mike Owens,Milwaukee Brewers,7,23,19,29,0,27,2,0,0,0.1535,0,0,165.0,0,0,18,18,7,7,8,2,3,0,3,0,18,0,-0.4734,,49334,Jim Aguilar,Tampa Bay Rays,8,15,14,36,1,35,0,0,0,2.9495,0,0,125.0,0,0,17,17,16,13,7,3,4,1,4,1,4,0,0.4111,,34574,Ivan Galvan,Toronto Blue Jays,9,25,15,19,2,17,0,0,0,0.8908,0,0,125.2,0,0,10,10,4,3,2,2,5,1,8,1,14,0,0.5315
56907,Jose Cabrera,New York (N) Mets,2,19,16,159,6,153,0,1,0,-0.1855,10,2,146.0,2,59,8,7,1,1,0,0,0,0,0,0,0,-0.3464,0,,52368,Jeff Daniels,Chicago (A) White Sox,3,20,16,128,8,119,1,8,0,-0.1817,0,0,145.0,0,0,21,21,2,1,1,1,1,0,0,0,0,0,0,,50908,Stéphane Bouet,Toronto Blue Jays,4,22,20,69,39,29,1,14,0,-0.8812,0,0,183.1,0,0,39,36,3,2,2,1,3,0,5,1,10,0,0.4043,,51025,Justin Markum,Baltimore Orioles,5,21,16,47,36,11,0,0,0,0.9447,0,0,146.1,0,0,41,39,5,3,2,2,2,0,2,1,1,0,0,,53678,Gabriel Portillo,San Diego Padres,6,20,18,66,42,22,2,7,0,-0.5019,0,0,155.1,0,0,50,46,5,3,0,0,5,4,5,1,5,0,0,,35370,Alex Navarro,Oakland Athletics,7,22,16,23,0,23,0,0,0,-0.4557,0,0,151.0,0,0,16,15,5,4,11,3,5,1,7,0,13,0,-0.303,,46021,Mike Owens,Milwaukee Brewers,8,26,11,28,0,28,0,0,0,-1.1515,0,0,123.0,0,0,25,25,5,2,4,1,2,0,3,0,6,0,-0.3179,,56760,Joe Scott,San Diego Padres,9,14,14,26,0,25,1,0,0,-0.0814,0,0,125.0,0,0,18,17,7,6,3,2,3,0,0,0,8,0,-0.1138
50959,Caleb Wilkinson,Kansas City Royals,2,14,13,138,8,129,1,2,0,0.1635,10,2,117.0,1,59,7,7,1,1,0,0,0,0,0,0,0,-0.9549,0,,46286,Justin Strasbaugh,Texas Rangers,3,19,16,147,17,125,5,16,0,-3.3291,0,0,142.1,0,0,37,32,7,4,2,1,1,0,3,1,1,0,0,,51294,Jim Proffitt,Detroit Tigers,4,24,22,93,53,38,2,18,0,2.4048,0,0,182.0,0,0,44,43,6,5,5,3,4,3,3,1,13,0,0,,44727,Rodolphe Guglielmotti,Milwaukee Brewers,5,20,16,51,31,19,1,1,0,0.5507,0,0,142.1,0,0,45,44,7,5,1,1,0,0,1,0,6,0,0,,52468,Jay Lotts,0,6,17,17,57,38,17,2,7,0,-1.4067,0,0,149.0,0,0,37,34,7,5,2,0,5,2,1,0,9,0,0,,44796,Carlos Zarate,Baltimore Orioles,7,23,16,35,1,31,3,0,0,1.9815,0,0,147.1,0,0,23,23,3,3,6,4,2,0,5,1,13,0,0.0052,,30037,Jon Burns,Colorado Rockies,8,15,15,36,0,35,1,0,0,-0.8756,0,0,122.0,0,0,25,23,7,7,10,3,5,1,5,1,4,0,1.3672,,27076,Ryan Emerson,Houston Astros,9,18,13,35,1,33,1,0,0,-2.1783,0,0,124.1,0,0,25,23,10,5,6,2,6,3,9,0,18,0,-0.0059
50067,Jorge Dorado,Cincinnati Reds,2,13,11,131,3,127,1,1,0,0.6058,6,2,115.0,0,53,2,2,0,0,0,0,0,0,0,0,0,-0.0796,0,,42108,Lorenzo Miranda,Baltimore Orioles,3,23,14,137,4,133,0,12,0,0.2852,0,0,141.0,0,0,20,20,1,1,0,0,0,0,1,0,0,0,0,,50603,Rich Folks,New York (N) Mets,4,22,19,68,40,25,3,12,0,-1.5043,0,0,167.1,0,0,38,35,8,4,7,4,3,2,5,0,11,0,0,,25277,Eddie Reyes,San Francisco Giants,5,16,16,49,32,14,3,4,0,-1.6326,0,0,138.1,0,0,38,33,7,6,1,1,4,0,1,0,5,0,0,,36111,Danny Espinoza,Miami Marlins,6,17,16,62,41,20,1,9,0,-1.9745,0,0,144.2,0,0,48,42,4,2,7,6,2,0,6,0,4,0,0,,49217,Ugo Ciai,Cincinnati Reds,7,19,16,30,1,28,1,1,0,0.727,0,0,143.1,0,0,21,20,5,4,3,0,8,4,5,0,7,0,-0.4589,,47176,Oliver Higgins,Miami Marlins,8,14,13,37,0,36,1,0,0,-2.0714,0,0,120.0,0,0,27,26,8,5,7,4,4,0,9,1,5,0,-0.1559,,52467,Jeremy Winters,Kansas City Royals,9,20,13,32,2,30,0,0,0,0.954,0,0,124.0,0,0,18,18,11,9,3,2,2,1,5,0,14,0,0.8506
52895,Kevin Carrier,Los Angeles (A) Angels,2,13,13,113,3,110,0,0,0,0.3453,7,1,115.0,0,46,0,0,2,2,0,0,0,0,0,0,0,-0.3496,0,,54685,Estevan Hinojosa,Chicago (A) White Sox,3,15,15,137,11,125,1,9,0,0.0054,0,0,140.1,0,0,24,24,3,2,1,1,0,0,0,0,1,0,0,,50183,Robby Almaguer,Philadelphia Phillies,4,20,20,70,48,22,0,16,0,2.3323,0,0,167.0,0,0,42,41,8,7,5,5,3,0,3,0,8,0,0,,50968,Tim Zingale,Chicago (N) Cubs,5,17,15,52,42,10,0,7,0,3,0,0,137.0,0,0,40,40,7,7,3,2,2,1,3,0,2,0,0,,30189,Julian Marquez,St. Louis Cardinals,6,14,14,70,41,26,3,12,0,-3.0689,0,0,130.0,0,0,50,42,5,5,1,1,3,0,3,0,7,0,0,,52507,Soroku Yamaguchi,Arizona Diamondbacks,7,38,10,15,0,15,0,0,0,-0.1588,0,0,143.0,0,0,10,10,4,3,4,2,2,0,4,0,11,0,-0.5468,,58372,Brian Buron,Kansas City Royals,8,14,14,30,0,30,0,0,0,-0.8479,0,0,116.2,0,0,25,24,4,3,4,2,6,1,4,0,5,0,1.2901,,52819,Brad Ridenour,Cleveland Guardians,9,15,12,22,0,22,0,0,0,1.1416,0,0,119.0,0,0,16,16,2,2,5,2,3,0,7,2,14,0,1.159
53020,Chuck Lear,Colorado Rockies,2,12,12,112,5,107,0,0,0,-0.9652,10,2,106.0,3,48,4,4,1,0,0,0,0,0,0,0,0,-2.4405,0,,46746,Daniel Freymiller,New York (N) Mets,3,16,15,142,9,130,3,7,0,-0.8999,0,0,135.0,0,0,28,25,2,2,1,1,0,0,1,0,3,0,0,,52322,Ethan Burns,Pittsburgh Pirates,4,23,18,45,25,20,0,7,0,-0.3445,0,0,151.0,0,0,27,24,2,2,4,3,1,1,1,0,6,0,0,,24208,Remo Carone,Baltimore Orioles,5,17,15,37,26,10,1,3,0,-0.8009,0,0,132.0,0,0,36,34,1,1,0,0,2,0,4,0,7,0,0,,52279,Chris Caldas,Milwaukee Brewers,6,25,10,48,31,16,1,6,0,0.9108,0,0,125.0,0,0,29,27,6,5,5,4,1,1,0,0,2,0,0,,47176,Oliver Higgins,Miami Marlins,7,20,14,23,0,22,1,0,0,0.7273,0,0,141.2,0,0,16,16,0,0,5,1,7,5,4,0,5,0,-0.4865,,54925,Alex de Santos,Texas Rangers,8,14,13,30,0,30,0,0,0,-2.0438,0,0,116.0,0,0,25,24,9,5,3,1,1,0,4,0,4,0,0.8419,,49835,Zach Schuhmann,Boston Red Sox,9,19,12,18,0,18,0,0,0,-1.2223,0,0,117.2,0,0,18,17,0,0,3,1,4,0,4,0,7,0,0.4261
24353,Eddie Aguillon,Toronto Blue Jays,2,10,10,97,4,89,4,1,0,-8.1999,16,3,85.2,29,60,4,2,0,0,0,0,0,0,0,0,0,-3.7924,0,,50546,Dan Weglarz,Arizona Diamondbacks,3,13,13,145,13,132,0,15,0,0.2167,0,0,119.1,0,0,34,34,3,1,0,0,1,1,0,0,2,0,0,,56362,Santiago Nuno,Colorado Rockies,4,19,19,50,33,16,1,8,0,-1.7804,0,0,150.1,0,0,37,34,5,3,4,1,4,2,1,0,10,0,0,,50616,Ken Schultz,Houston Astros,5,20,11,36,28,6,2,5,0,-1.9083,0,0,131.0,0,0,34,31,4,2,3,0,5,1,4,0,4,0,0,,52451,Jared Rettler,Oakland Athletics,6,20,11,65,48,17,0,8,0,-0.5983,0,0,117.2,0,0,50,48,5,4,5,2,5,2,0,0,5,0,0,,55826,David Carranza,Miami Marlins,7,16,16,19,0,19,0,0,0,-0.2738,0,0,140.0,0,0,15,15,1,0,5,4,4,0,0,0,7,0,0.6461,,51940,Angel Moya,Los Angeles (N) Dodgers,8,13,12,30,0,29,1,0,0,-0.6527,0,0,102.2,0,0,22,22,7,5,4,2,2,0,3,0,5,0,-0.5011,,37580,Cody Addeo,Washington Nationals,9,13,13,29,1,28,0,0,0,-0.5347,0,0,116.2,0,0,18,18,11,8,2,1,4,1,8,0,13,0,-0.0432
37807,ID 37807,San Diego Padres,2,11,9,99,2,97,0,0,0,0.3672,9,1,84.0,0,42,4,4,2,2,0,0,0,0,0,0,0,-0.0581,0,,50984,Bob Wolfe,Detroit Tigers,3,15,13,119,9,109,1,15,0,-0.2568,0,0,119.0,0,0,25,25,1,0,0,0,1,0,0,0,2,0,0,,49955,Daniel Vasquez,Baltimore Orioles,4,17,14,67,36,30,1,18,0,0.2446,0,0,137.0,0,0,30,29,4,4,4,3,3,0,7,0,4,0,0,,50401,Keith Parks,Pittsburgh Pirates,5,19,16,38,25,11,2,3,0,-1.0584,0,0,129.0,0,0,32,29,5,2,2,1,5,2,0,0,1,0,0,,46059,Ernie Takats,Atlanta Braves,6,13,12,41,29,10,2,5,0,-0.4258,0,0,111.0,0,0,27,25,6,6,3,1,1,0,1,0,4,0,0,,29057,Pat Branco,Pittsburgh Pirates,7,20,11,27,0,27,0,0,0,1.1528,0,0,122.2,0,0,18,18,8,8,3,0,1,0,7,1,10,0,-0.0562,,36146,Armando Fuentes,Pittsburgh Pirates,8,14,11,32,0,32,0,0,0,-1.0684,0,0,99.2,0,0,24,23,10,8,1,0,3,1,4,0,6,0,1.4798,,47266,Joel Taylor,Houston Astros,9,17,12,20,1,18,1,0,0,-1.1378,0,0,114.1,0,0,14,14,5,3,2,1,5,0,7,0,10,0,0.3059
52429,Dylon MacDonald,Miami Marlins,2,10,10,78,4,73,1,0,0,0.2736,8,2,81.0,0,35,2,2,0,0,0,0,0,0,0,0,0,0.2139,0,,36111,Danny Espinoza,Miami Marlins,3,15,13,89,13,76,0,10,0,0.0806,0,0,112.2,0,0,23,23,4,3,0,0,1,0,1,0,0,0,0,,47026,Michael Medina,Pittsburgh Pirates,4,37,11,43,30,13,0,11,0,0.8146,0,0,136.1,0,0,23,23,6,5,3,1,1,0,1,0,3,0,0,,47904,Paul Barnhart,Houston Astros,5,18,12,33,21,11,1,3,0,-1.9774,0,0,120.1,0,0,33,30,2,1,3,0,3,0,3,0,4,0,0,,52678,John Daube,Houston Astros,6,13,13,43,30,12,1,5,0,-2.5602,0,0,109.0,0,0,31,26,5,4,4,2,4,0,5,0,10,0,0,,35875,Efrain Vasquez,Atlanta Braves,7,15,13,28,1,26,1,0,0,-0.2251,0,0,119.0,0,0,19,18,6,3,4,3,6,2,3,0,9,0,0.611,,46932,Quincy Muse,Toronto Blue Jays,8,18,9,30,0,29,1,0,0,0.5328,0,0,95.0,0,0,18,18,10,7,6,3,4,1,2,0,5,0,-0.3972,,44849,Luis de Jesus,New York (A) Yankees,9,16,13,34,0,33,1,0,0,1.7415,0,0,110.0,0,0,23,23,7,7,0,0,4,3,2,0,10,0,0.461
31873,ID 31873,Tampa Bay Rays,2,7,7,62,5,57,0,0,0,-0.1894,8,1,61.0,0,20,5,4,1,1,0,0,0,0,0,0,0,0.0928,0,,45843,Juan Albarran,Tampa Bay Rays,3,12,12,105,8,97,0,1,0,0.4121,0,0,108.2,0,0,26,26,1,1,0,0,0,0,0,0,2,0,0,,52446,Alfonso Rueda,San Francisco Giants,4,18,15,52,33,18,1,6,0,-0.8776,0,0,134.0,0,0,40,35,6,5,5,3,2,0,2,1,6,0,0,,50673,Sam Easter,Texas Rangers,5,14,14,37,25,9,3,1,0,-4.3749,0,0,113.0,0,0,39,32,3,2,2,0,2,0,2,0,1,0,0,,48378,Montes Gomez,Toronto Blue Jays,6,16,12,46,31,13,2,5,0,-2.7706,0,0,106.0,0,0,31,26,4,2,4,2,3,1,4,0,8,0,0,,29103,John Hewett,Texas Rangers,7,23,11,38,1,37,0,0,0,0.6706,0,0,116.0,0,0,27,26,8,8,4,1,2,2,4,0,7,0,-0.3555,,49034,Devin Bouma,New York (N) Mets,8,15,10,27,0,27,0,0,0,-1.9013,0,0,88.1,0,0,22,22,6,2,3,2,4,1,9,0,3,0,1.6052,,48650,Guido Pessotto,Oakland Athletics,9,14,11,19,2,17,0,0,0,-0.0544,0,0,107.0,0,0,12,11,4,4,3,1,2,1,6,0,7,0,0.1923
47788,Justin Andrews,Houston Astros,2,7,7,42,3,39,0,0,0,0.7506,4,3,61.0,0,28,1,1,0,0,0,0,0,0,0,0,0,-1.2572,0,,53423,Ricardo Merchan,Kansas City Royals,3,12,12,91,1,90,0,14,0,0.0881,0,0,99.2,0,0,14,14,0,0,0,0,1,0,0,0,2,0,0,,46628,Troy Johnson,San Diego Padres,4,16,15,61,35,26,0,9,0,0.0324,0,0,133.2,0,0,39,38,3,3,3,1,4,1,2,0,6,0,0,,47026,Michael Medina,Pittsburgh Pirates,5,28,7,29,19,8,2,0,0,-1.2307,0,0,106.0,0,0,28,24,4,3,2,0,0,0,0,0,3,0,0,,49305,Scott Schneider,San Francisco Giants,6,15,11,37,25,12,0,6,0,0.4369,0,0,102.0,0,0,20,20,6,4,2,0,2,1,0,0,3,0,0,,52569,Mario Duarte,St. Louis Cardinals,7,21,12,33,0,31,2,0,0,0.6086,0,0,115.0,0,0,26,26,3,3,0,0,5,2,5,0,11,0,-0.1698,,50178,Ruben Filiano,Detroit Tigers,8,11,8,17,0,17,0,0,0,-0.5656,0,0,83.0,0,0,14,13,3,2,4,2,1,0,4,0,7,0,0.9915,,48873,Chris Ewald,New York (N) Mets,9,15,14,19,0,19,0,0,0,-0.4585,0,0,106.0,0,0,13,13,6,3,4,2,3,1,5,0,11,0,-0.2151
56732,Scott Boyar,Tampa Bay Rays,2,7,7,66,0,66,0,0,0,-0.4558,3,0,61.0,2,14,0,0,0,0,0,0,0,0,0,0,0,-0.3122,0,,50673,Sam Easter,Texas Rangers,3,18,9,88,6,82,0,9,0,0.8631,0,0,97.0,0,0,13,13,2,2,1,1,0,0,3,1,1,0,0,,46674,Joey Graham,Kansas City Royals,4,22,12,40,28,11,1,8,0,-0.3324,0,0,123.1,0,0,32,30,0,0,3,2,2,1,1,0,5,0,0,,55162,Justin Zelaya,Pittsburgh Pirates,5,23,11,36,26,10,0,1,0,1.551,0,0,103.2,0,0,23,23,10,9,3,2,2,1,1,0,2,0,0,,42468,Emanuele Cirese,Los Angeles (N) Dodgers,6,30,6,44,27,15,2,1,0,0.2139,0,0,97.2,0,0,29,27,4,3,2,2,3,2,2,1,4,0,0,,49107,Jeremy Bell,Baltimore Orioles,7,19,10,24,1,23,0,0,0,0.6236,0,0,113.1,0,0,20,20,3,3,0,0,1,0,2,0,8,0,0.4926,,49224,Geoff Hedrick,New York (N) Mets,8,22,5,27,1,26,0,0,0,-0.3952,0,0,81.1,0,0,21,21,5,3,3,2,4,0,1,0,3,0,0.4763,,51056,Eric DeVore,St. Louis Cardinals,9,26,8,23,0,23,0,0,0,0.1254,0,0,102.2,0,0,20,20,1,1,0,0,7,1,8,1,13,0,1.3528
50908,Stéphane Bouet,Toronto Blue Jays,2,5,5,40,2,38,0,0,0,-2.843,4,1,45.2,12,27,1,1,0,0,0,0,0,0,0,0,0,-0.6802,0,,51690,Bill Hunter,Cincinnati Reds,3,12,11,92,4,88,0,4,0,-0.2763,0,0,94.1,0,0,14,14,0,0,1,0,0,0,0,0,0,0,0,,51250,Tim Bruno,Philadelphia Phillies,4,13,11,43,28,15,0,12,0,0.7835,0,0,99.0,0,0,25,24,3,2,2,2,1,1,1,0,6,0,0,,49305,Scott Schneider,San Francisco Giants,5,13,12,34,29,5,0,2,0,1.0321,0,0,100.0,0,0,31,31,1,1,1,1,2,0,2,0,0,0,0,,47904,Paul Barnhart,Houston Astros,6,15,8,36,24,12,0,6,0,1.3485,0,0,92.2,0,0,18,18,2,2,5,5,1,1,2,0,4,0,0,,52819,Brad Ridenour,Cleveland Guardians,7,12,12,19,0,19,0,0,0,0.3395,0,0,111.0,0,0,16,16,2,2,0,0,3,1,2,0,12,0,0.328,,52074,Jaime Guzman,Atlanta Braves,8,9,8,21,2,19,0,0,0,0.0877,0,0,72.0,0,0,14,14,3,2,4,2,2,1,3,0,8,0,-0.3811,,50819,John Rios,San Francisco Giants,9,30,8,23,0,22,1,0,0,-0.2036,0,0,96.2,0,0,17,17,4,3,4,2,3,0,2,0,7,0,-0.3766
46866,Steve Bennett,Toronto Blue Jays,2,3,3,18,2,14,2,0,0,-1.8351,7,1,25.1,5,21,2,1,0,0,0,0,0,0,0,0,0,-0.6774,0,,54998,Gerardo Dominguez,Cleveland Guardians,3,10,10,79,12,66,1,10,0,0.5464,0,0,90.0,0,0,18,17,3,3,5,5,0,0,2,0,1,0,0,,50284,Alex Escobar,Kansas City Royals,4,14,11,51,32,19,0,4,0,1.5677,0,0,97.0,0,0,29,28,5,5,5,3,1,1,3,0,3,0,0,,45843,Juan Albarran,Tampa Bay Rays,5,11,11,26,19,5,2,3,0,-0.5023,0,0,98.2,0,0,23,22,2,1,2,1,2,0,3,0,3,0,0,,51769,Rodrigo Suarez,Washington Nationals,6,10,10,28,14,13,1,5,0,-0.3019,0,0,88.0,0,0,20,19,4,3,0,0,3,1,1,0,5,0,0,,50819,John Rios,San Francisco Giants,7,33,7,40,2,37,1,0,0,0.1901,0,0,109.0,0,0,31,29,4,3,2,2,4,2,2,1,8,0,1.1386,,49053,Steve Aaker,Pittsburgh Pirates,8,14,6,18,0,17,1,0,0,-2.1519,0,0,70.1,0,0,14,14,2,2,7,0,5,1,2,0,6,0,1.2451,,47728,Phil Dorsey,Minnesota Twins,9,11,11,18,1,17,0,0,0,-0.638,0,0,95.0,0,0,14,14,3,3,4,0,2,0,5,0,6,0,0.6858
49712,Nick Fallin,Oakland Athletics,2,3,2,19,1,18,0,1,0,0.1838,2,1,19.0,0,8,0,0,0,0,0,0,0,0,0,0,0,-0.4073,0,,42083,Edgar Castillo,Chicago (N) Cubs,3,9,9,68,7,60,1,3,0,-0.5962,0,0,80.0,0,0,14,12,2,2,0,0,0,0,0,0,0,0,0,,52030,Joaquin Santiago,Atlanta Braves,4,11,11,33,16,16,1,6,0,-1.6341,0,0,90.0,0,0,18,16,2,1,6,3,1,0,2,0,3,0,0,,42347,Elias Torres,Kansas City Royals,5,16,10,28,17,8,3,0,0,-1.2491,0,0,98.0,0,0,27,22,1,1,1,1,2,0,3,0,0,0,0,,50277,Tony Pina,Toronto Blue Jays,6,12,9,28,17,11,0,5,0,-0.4685,0,0,86.0,0,0,17,14,5,5,4,2,1,1,2,0,1,0,0,,47626,Teguh Alisjahbana,Colorado Rockies,7,31,8,27,2,25,0,0,0,0.5184,0,0,108.1,0,0,16,16,7,6,5,3,4,0,5,0,14,0,0.2716,,52343,Mike Tharpe,Texas Rangers,8,17,5,23,0,23,0,0,0,0.6934,0,0,66.1,0,0,18,18,4,4,1,1,2,0,3,0,7,0,-0.0533,,58353,Nathan Stienstra,Baltimore Orioles,9,11,11,19,0,19,0,0,0,-1.1097,0,0,91.0,0,0,16,14,4,2,3,2,3,0,2,1,4,0,0.862
50941,Tom Sams,St. Louis Cardinals,2,2,2,18,1,17,0,0,0,-0.4944,5,1,18.2,2,2,0,0,0,0,0,0,0,0,0,0,0,-0.5529,0,,56298,Willie Cornejo,Los Angeles (N) Dodgers,3,18,7,70,3,66,1,8,0,-0.6607,0,0,77.2,0,0,11,10,1,1,1,0,0,0,1,0,0,0,0,,50690,Mike Leighton,Los Angeles (A) Angels,4,13,9,34,22,12,0,9,0,1.2615,0,0,86.0,0,0,13,13,3,3,2,2,1,0,4,0,1,0,0,,51639,Jeremy Shamblin,Cleveland Guardians,5,11,11,24,14,9,1,2,0,0.308,0,0,96.2,0,0,18,17,4,3,3,2,1,0,2,0,2,0,0,,24760,Steve Regan,Chicago (N) Cubs,6,15,8,35,20,13,2,8,0,-0.5356,0,0,85.2,0,0,21,19,0,0,1,1,0,0,5,0,4,0,0,,51342,Ron Dotson,Seattle Mariners,7,22,10,22,0,22,0,0,0,-0.2964,0,0,108.0,0,0,21,21,2,0,2,0,2,0,4,1,5,0,0.4436,,48771,Joe Horton,Arizona Diamondbacks,8,13,7,20,0,20,0,0,0,0.2058,0,0,65.0,0,0,16,16,2,2,2,2,3,0,7,0,0,0,0.0444,,46866,Steve Bennett,Toronto Blue Jays,9,12,11,26,3,23,0,0,0,0.417,0,0,89.2,0,0,17,17,2,0,6,6,2,0,3,0,8,0,-0.0398
46444,Danny Romero,Toronto Blue Jays,2,2,2,11,0,11,0,0,0,-1.0773,2,0,18.0,4,12,0,0,0,0,0,0,0,0,0,0,0,-0.2725,0,,56759,Nate Strong,New York (A) Yankees,3,12,7,78,10,68,0,8,0,0.4291,0,0,74.2,0,0,20,20,3,3,0,0,0,0,0,0,1,0,0,,51175,Tom Bjorklund,Miami Marlins,4,13,9,33,23,10,0,3,0,1.3893,0,0,86.0,0,0,28,28,0,0,3,3,2,0,2,1,0,0,0,,51107,Travis Fritts,New York (A) Yankees,5,10,10,25,15,9,1,4,0,-1.9789,0,0,93.0,0,0,24,20,3,2,1,0,2,0,0,0,0,0,0,,52127,Alex Pacheco,Philadelphia Phillies,6,13,9,38,24,13,1,6,0,0.0391,0,0,85.2,0,0,25,23,4,3,2,2,1,1,1,0,9,0,0,,47728,Phil Dorsey,Minnesota Twins,7,13,13,22,0,22,0,0,0,1.5506,0,0,102.0,0,0,16,16,4,3,1,1,1,1,4,1,8,0,-0.0824,,50196,Luis Ramires,Milwaukee Brewers,8,12,5,14,0,14,0,0,0,-2.2607,0,0,64.0,0,0,13,9,4,4,3,1,3,0,4,0,0,0,0.3384,,46911,Dave McClure,Baltimore Orioles,9,21,7,17,0,17,0,0,0,0.3561,0,0,88.2,0,0,13,13,5,4,0,0,1,0,2,0,9,0,-0.0715
50565,Bryan Balasko,Milwaukee Brewers,2,2,2,18,0,17,1,0,0,-0.2548,5,0,18.0,0,8,0,0,0,0,0,0,0,0,0,0,0,-0.6771,0,,54837,Miguel Davila,Los Angeles (N) Dodgers,3,22,5,75,3,72,0,6,0,0.1108,0,0,71.1,0,0,15,15,3,3,1,0,0,0,1,0,0,0,0,,24353,Eddie Aguillon,Toronto Blue Jays,4,13,7,33,18,14,1,5,0,-0.2779,0,0,80.2,0,0,21,21,2,0,1,1,1,0,1,0,7,0,0,,53810,Henry Salinas,Los Angeles (N) Dodgers,5,24,8,23,15,7,1,1,0,-0.1247,0,0,86.2,0,0,18,17,3,3,1,1,2,0,3,0,3,0,0,,44727,Rodolphe Guglielmotti,Milwaukee Brewers,6,14,8,37,21,16,0,5,0,-0.9565,0,0,84.0,0,0,26,26,2,0,3,1,2,1,2,0,7,0,0,,58353,Nathan Stienstra,Baltimore Orioles,7,17,13,17,2,15,0,1,0,-2.0455,0,0,102.0,0,0,12,11,5,2,3,1,2,1,4,0,11,0,0.3283,,52569,Mario Duarte,St. Louis Cardinals,8,9,7,21,0,21,0,0,0,-0.3308,0,0,64.0,0,0,17,16,4,3,2,1,4,1,2,0,1,0,0.5783,,51342,Ron Dotson,Seattle Mariners,9,25,3,21,0,20,1,0,0,0.8823,0,0,84.0,0,0,14,14,0,0,4,3,7,3,3,0,6,0,0.0426
56996,Terry Dillon,San Francisco Giants,2,2,2,15,0,15,0,0,0,-0.0773,2,0,18.0,0,3,0,0,0,0,0,0,0,0,0,0,0,-0.1475,0,,50168,Hugo de Leon,Minnesota Twins,3,9,9,59,2,57,0,2,0,0.0689,0,0,69.2,0,0,10,10,0,0,2,1,0,0,0,0,1,0,0,,52669,Bill Vaughn,Boston Red Sox,4,25,6,33,22,11,0,7,0,1.3861,0,0,80.1,0,0,15,15,4,3,4,3,1,0,3,2,3,0,0,,48907,Eric Crippen,Tampa Bay Rays,5,9,9,29,17,10,2,2,0,-1.1699,0,0,84.2,0,0,29,25,1,1,2,1,0,0,0,0,3,0,0,,52748,Minh-Duc Huynh,Minnesota Twins,6,14,8,38,31,7,0,2,0,1.4646,0,0,74.0,0,0,28,28,8,7,2,1,1,0,1,0,6,0,0,,51167,Angel Ortiz,Chicago (A) White Sox,7,11,10,20,0,20,0,0,0,-0.0614,0,0,95.1,0,0,18,18,2,1,1,1,1,0,4,0,3,0,0.2128,,47904,Paul Barnhart,Houston Astros,8,9,5,18,1,17,0,0,0,-1.6484,0,0,59.0,0,0,15,15,5,2,2,0,4,0,0,0,2,0,0.0613,,49217,Ugo Ciai,Cincinnati Reds,9,15,7,18,0,18,0,0,0,-0.09,0,0,83.1,0,0,15,15,3,3,1,0,2,0,3,0,11,0,-0.0079
50277,Tony Pina,Toronto Blue Jays,2,2,2,17,1,16,0,0,0,-0.2631,2,0,17.1,0,7,1,0,1,1,0,0,0,0,0,0,0,-0.406,0,,22338,Daniel Gamboa,Kansas City Royals,3,8,8,66,7,59,0,3,0,0.2702,0,0,69.0,0,0,13,13,2,2,0,0,0,0,0,0,1,0,0,,50212,Rafael Peralta,Cleveland Guardians,4,10,8,27,23,4,0,4,0,0.8907,0,0,75.2,0,0,21,21,4,4,0,0,0,0,2,0,2,0,0,,50183,Robby Almaguer,Philadelphia Phillies,5,11,9,31,23,6,2,4,0,0.0799,0,0,83.2,0,0,25,23,5,5,0,0,3,0,2,0,3,0,0,,52530,Josh Lilly,Los Angeles (N) Dodgers,6,11,8,26,19,7,0,1,0,0.0478,0,0,73.2,0,0,18,17,4,3,5,4,0,0,1,0,1,0,0,,44849,Luis de Jesus,New York (A) Yankees,7,12,11,16,0,16,0,0,0,-0.9149,0,0,93.0,0,0,14,13,5,3,0,0,4,0,2,0,17,0,-0.0417,,47772,Randy Talley,Colorado Rockies,8,12,4,17,1,16,0,0,0,-0.0539,0,0,57.2,0,0,14,14,2,1,3,1,0,0,5,0,5,0,0.2287,,51318,Brad Ferdman,New York (N) Mets,9,18,6,25,0,24,1,0,0,-0.2026,0,0,81.1,0,0,20,19,3,3,2,0,4,1,10,1,8,0,-0.8906
53686,Edgar Braga,Los Angeles (A) Angels,2,2,2,12,0,12,0,0,0,-0.1388,3,0,17.0,0,12,0,0,0,0,0,0,0,0,0,0,0,-0.137,0,,26374,Barry Bryant,St. Louis Cardinals,3,12,6,58,7,49,2,7,0,-0.944,0,0,69.0,0,0,15,13,1,1,0,0,0,0,1,0,0,0,0,,52279,Chris Caldas,Milwaukee Brewers,4,9,8,36,21,14,1,8,0,0.5916,0,0,74.0,0,0,20,19,4,4,1,1,2,1,0,0,2,0,0,,46059,Ernie Takats,Atlanta Braves,5,11,6,28,18,9,1,3,0,0.6154,0,0,75.0,0,0,20,20,3,2,0,0,0,0,0,0,0,0,0,,58365,John Syring,Kansas City Royals,6,11,7,25,16,9,0,4,0,0.4468,0,0,70.0,0,0,14,14,1,1,1,0,1,1,1,0,4,0,0,,48650,Guido Pessotto,Oakland Athletics,7,11,11,13,0,13,0,0,0,-0.0026,0,0,86.2,0,0,10,10,0,0,5,2,2,1,5,0,10,0,0.0006,,47741,John Ploughman,Chicago (A) White Sox,8,12,4,8,0,8,0,0,0,-0.668,0,0,54.1,0,0,7,7,3,1,1,0,0,0,2,0,1,0,-0.2656,,48476,Juan Ruiz,Arizona Diamondbacks,9,14,8,24,0,23,1,0,0,-1.3234,0,0,78.1,0,0,21,20,4,1,5,2,2,0,1,0,11,0,0.1389
49023,Shawn Burt,Chicago (A) White Sox,2,2,1,15,0,15,0,0,0,0.0281,0,0,12.1,0,6,0,0,0,0,0,0,0,0,0,0,0,-0.2715,0,,51175,Tom Bjorklund,Miami Marlins,3,8,8,63,6,57,0,8,0,0.1263,0,0,66.0,0,0,15,15,1,1,0,0,1,0,1,0,1,0,0,,33260,Jimmy Ingram,0,4,13,8,29,19,9,1,1,0,-1.358,0,0,72.1,0,0,26,24,4,2,0,0,2,0,3,0,4,0,0,,52292,Sam Ballard,Texas Rangers,5,8,8,21,18,2,1,1,0,-0.568,0,0,72.0,0,0,19,18,2,1,1,0,0,0,1,0,4,0,0,,50947,Mike Acosta,Detroit Tigers,6,7,7,28,21,7,0,5,0,-1.6471,0,0,64.0,0,0,24,20,4,3,3,2,0,0,1,0,2,0,0,,50690,Mike Leighton,Los Angeles (A) Angels,7,12,8,18,0,17,1,0,0,-1.9916,0,0,86.2,0,0,14,12,6,3,2,2,0,0,5,0,6,0,-0.0661,,52657,Tony Martinez,Detroit Tigers,8,7,6,16,1,15,0,0,0,-0.3507,0,0,52.1,0,0,12,12,2,2,3,1,0,0,1,0,1,0,0.3009,,28824,Chris Vanover,Chicago (A) White Sox,9,9,9,8,0,8,0,0,0,1.0695,0,0,77.0,0,0,3,3,3,3,1,1,0,0,5,1,3,0,0.7399
44791,Fontana Rosolino,Texas Rangers,2,1,1,11,1,10,0,0,0,-0.3367,2,1,10.0,2,6,0,0,0,0,0,0,0,0,0,0,0,-0.0001,0,,47700,Luke Ziegler,Baltimore Orioles,3,9,7,61,5,55,1,7,0,-0.1978,0,0,63.0,0,0,11,10,3,3,1,1,0,0,0,0,0,0,0,,53243,Jerry Vincent,Tampa Bay Rays,4,8,8,30,18,12,0,4,0,0.5904,0,0,72.0,0,0,18,18,3,2,1,0,0,0,2,1,5,0,0,,51077,Mark McDermott,Boston Red Sox,5,8,8,22,15,6,1,1,0,-1.3596,0,0,67.0,0,0,19,15,4,2,1,1,0,0,2,0,1,0,0,,47026,Michael Medina,Pittsburgh Pirates,6,9,8,22,16,6,0,1,0,0.2186,0,0,61.0,0,0,19,18,1,1,2,1,2,1,4,0,1,0,0,,29318,Darren Tabak,Houston Astros,7,11,9,14,0,14,0,0,0,-1.0444,0,0,80.0,0,0,12,10,5,4,2,0,1,0,3,0,5,0,-0.5357,,21200,Edwin Curiel,Houston Astros,8,5,5,12,1,11,0,0,0,-0.6492,0,0,44.0,0,0,10,9,2,2,0,0,1,0,2,0,2,0,-0.0812,,56946,Willie Torres,Los Angeles (A) Angels,9,9,8,15,0,15,0,0,0,-0.6351,0,0,76.1,0,0,12,12,2,2,4,0,1,1,4,0,2,0,0.1737
48370,Ricky Rubio,Atlanta Braves,2,1,1,15,2,13,0,0,0,-0.886,4,0,10.0,3,4,1,1,1,1,0,0,0,0,0,0,0,-0.2726,0,,50731,Josh Crosby,Oakland Athletics,3,10,5,57,1,56,0,4,0,0.2012,0,0,63.0,0,0,14,14,0,0,0,0,0,0,0,0,1,0,0,,44727,Rodolphe Guglielmotti,Milwaukee Brewers,4,13,7,23,13,9,1,6,0,-0.8245,0,0,68.1,0,0,14,13,0,0,2,0,2,1,2,0,4,0,0,,46276,Andy Greeley,Washington Nationals,5,7,7,21,16,4,1,0,0,-0.1258,0,0,62.2,0,0,19,18,2,1,0,0,0,0,1,0,2,0,0,,52798,Clint Reynolds,Arizona Diamondbacks,6,12,5,20,13,7,0,3,0,0.1451,0,0,55.2,0,0,10,10,2,2,3,1,0,0,3,0,3,0,0,,50264,Alejandro Gomez,Tampa Bay Rays,7,9,9,10,0,10,0,0,0,-0.0008,0,0,80.0,0,0,5,5,4,3,4,2,1,0,0,0,8,0,0.3128,,35875,Efrain Vasquez,Atlanta Braves,8,5,5,10,0,10,0,0,0,0.264,0,0,42.0,0,0,8,8,1,1,1,1,0,0,1,0,0,0,0.2572,,42380,Lorenzo Santi,Minnesota Twins,9,36,0,19,0,19,0,0,0,1.8213,0,0,67.0,0,0,10,10,3,3,3,2,5,3,3,1,5,0,-0.1464
21548,Cesar Rivera,Milwaukee Brewers,2,1,1,8,0,8,0,0,0,-0.2887,1,0,9.0,1,1,0,0,0,0,0,0,0,0,0,0,0,-0.2762,0,,49835,Zach Schuhmann,Boston Red Sox,3,7,7,51,3,47,1,4,0,-0.3003,0,0,60.2,0,0,9,8,0,0,2,2,0,0,1,0,1,0,0,,47904,Paul Barnhart,Houston Astros,4,10,8,27,21,6,0,3,0,-1.1929,0,0,65.2,0,0,25,23,3,2,2,0,2,1,2,0,3,0,0,,52279,Chris Caldas,Milwaukee Brewers,5,8,8,18,12,6,0,1,0,0.1215,0,0,62.0,0,0,18,18,1,0,1,0,0,0,1,0,1,0,0,,47654,Joe Bittar,New York (N) Mets,6,11,5,29,20,6,3,0,0,-0.6813,0,0,55.0,0,0,24,20,4,4,2,2,0,0,1,0,0,0,0,,56396,Roberto Orozco,New York (A) Yankees,7,9,9,20,2,18,0,1,0,1.077,0,0,79.0,0,0,14,14,1,1,0,0,4,2,8,1,5,0,0.6924,,48793,Matt Rosellini,San Diego Padres,8,8,4,2,0,2,0,0,0,-0.3452,0,0,39.1,0,0,1,1,0,0,1,1,2,0,1,0,3,0,-0.4591,,56298,Willie Cornejo,Los Angeles (N) Dodgers,9,9,8,10,0,10,0,0,0,0.2437,0,0,66.2,0,0,8,8,1,1,0,0,2,1,3,0,5,0,0.2553
46813,Chris Greco,Texas Rangers,2,1,1,8,0,6,2,0,0,-0.2753,5,0,9.0,0,0,0,0,0,0,0,0,0,0,0,0,0,-0.2701,0,,52503,Josh Behrens,Kansas City Royals,3,26,2,51,3,48,0,4,0,0.7887,0,0,58.0,0,0,10,10,0,0,1,1,0,0,1,1,0,0,0,,51559,Jesus Galaviz,Baltimore Orioles,4,7,7,21,10,10,1,6,0,-0.8495,0,0,64.0,0,0,13,12,0,0,0,0,3,0,0,0,5,0,0,,52669,Bill Vaughn,Boston Red Sox,5,12,4,16,11,5,0,1,0,0.7222,0,0,60.0,0,0,10,10,5,5,0,0,0,0,1,0,2,0,0,,44465,Ryan Penning,Atlanta Braves,6,8,5,14,5,9,0,3,0,-0.757,0,0,54.1,0,0,6,6,2,0,1,0,0,0,2,0,3,0,0,,49034,Devin Bouma,New York (N) Mets,7,24,6,16,0,16,0,0,0,1.5123,0,0,75.0,0,0,9,9,2,2,3,2,4,3,2,0,5,0,0.1829,,46674,Joey Graham,Kansas City Royals,8,4,4,10,0,10,0,0,0,-0.7158,0,0,38.0,0,0,9,9,1,0,2,1,1,0,2,0,3,0,0.0464,,47647,Rich Moore,Arizona Diamondbacks,9,9,7,10,0,10,0,0,0,-0.1092,0,0,63.0,0,0,7,7,3,2,0,0,4,1,3,0,7,0,-0.0947
47176,Oliver Higgins,Miami Marlins,2,1,1,4,0,4,0,0,0,-0.4795,0,0,9.0,2,8,0,0,0,0,0,0,0,0,0,0,0,-0.1412,0,,55826,David Carranza,Miami Marlins,3,7,7,63,1,61,1,5,0,-1.1829,0,0,57.2,0,0,10,7,0,0,0,0,1,0,1,0,0,0,0,,56946,Willie Torres,Los Angeles (A) Angels,4,7,7,29,17,11,1,2,0,-0.4194,0,0,62.2,0,0,20,19,3,2,0,0,2,0,1,0,2,0,0,,50731,Josh Crosby,Oakland Athletics,5,9,5,14,11,3,0,1,0,0.374,0,0,54.0,0,0,11,11,4,3,0,0,0,0,0,0,0,0,0,,46871,Matt Wiernicki,Arizona Diamondbacks,6,18,4,25,16,8,1,2,0,0.1807,0,0,54.1,0,0,16,15,3,2,3,2,0,0,1,1,0,0,0,,52357,John Rothering,Miami Marlins,7,11,7,8,0,8,0,0,0,0.3558,0,0,72.0,0,0,5,5,2,2,0,0,2,1,2,0,5,0,-0.3866,,50216,Rick Ibarra,Washington Nationals,8,7,4,12,0,12,0,0,0,0.2308,0,0,37.1,0,0,9,9,2,2,1,1,1,0,3,0,1,0,-0.0682,,49802,Brad James,Minnesota Twins,9,10,7,12,0,11,1,0,0,-0.0458,0,0,59.0,0,0,9,8,3,3,1,0,1,0,4,0,6,0,0.829
47779,Mike Bridges,Toronto Blue Jays,2,1,1,14,0,14,0,0,0,-0.7181,0,0,9.0,1,3,2,1,0,0,0,0,0,0,0,0,0,-0.1355,0,,48693,Jose Alarcon,Atlanta Braves,3,8,6,47,1,46,0,6,0,0.1034,0,0,56.0,0,0,9,9,0,0,0,0,0,0,1,0,1,0,0,,51619,Omari Jacques,New York (N) Mets,4,9,9,27,15,10,2,3,0,-0.6765,0,0,61.0,0,0,17,15,3,2,0,0,1,1,2,0,2,0,0,,50947,Mike Acosta,Detroit Tigers,5,7,6,21,11,7,3,0,0,-1.387,0,0,53.0,0,0,20,17,1,0,0,0,0,0,1,0,3,0,0,,53698,Lazaro Gamboa,Los Angeles (N) Dodgers,6,9,6,18,7,11,0,1,0,0.1271,0,0,54.0,0,0,13,12,3,2,0,0,1,1,2,1,4,0,0,,35576,Melvin Munoz,Colorado Rockies,7,10,8,13,0,13,0,0,0,-1.0152,0,0,71.2,0,0,14,13,1,0,2,0,1,0,2,0,6,0,-0.3946,,48907,Eric Crippen,Tampa Bay Rays,8,4,4,9,0,9,0,0,0,-1.0526,0,0,37.0,0,0,7,6,3,2,1,1,0,0,3,0,1,0,0.352,,51998,Alejandro Serrato,Tampa Bay Rays,9,7,6,12,0,11,1,0,0,-0.0912,0,0,59.0,0,0,8,8,3,3,0,0,3,0,6,0,7,0,0.1977
49124,Dylan Hazlett,St. Louis Cardinals,2,1,1,9,0,8,1,0,0,-0.0978,2,0,9.0,0,3,0,0,0,0,0,0,0,0,0,0,0,-0.4112,0,,49955,Daniel Vasquez,Baltimore Orioles,3,8,6,63,9,54,0,3,0,0.2667,0,0,56.0,0,0,15,15,3,3,0,0,0,0,2,0,1,0,0,,36111,Danny Espinoza,Miami Marlins,4,7,6,27,15,12,0,5,0,-0.6973,0,0,60.2,0,0,17,16,2,1,2,1,3,1,1,0,2,0,0,,52452,Natanael Ferreira,Houston Astros,5,6,6,20,15,4,1,0,0,-0.103,0,0,52.0,0,0,18,17,2,2,1,0,1,0,0,0,5,0,0,,33260,Jimmy Ingram,0,6,5,5,16,9,6,1,3,0,-0.3026,0,0,50.2,0,0,9,8,0,0,3,3,1,0,0,0,3,0,0,,50216,Rick Ibarra,Washington Nationals,7,11,8,17,1,16,0,0,0,-0.4093,0,0,71.2,0,0,13,13,4,2,2,1,0,0,6,0,6,0,0.1592,,50853,Jose Bellatin,Philadelphia Phillies,8,5,4,7,0,7,0,0,0,-0.7773,0,0,36.0,0,0,6,6,4,1,0,0,0,0,2,0,1,0,0.2447,,29318,Darren Tabak,Houston Astros,9,11,5,19,0,19,0,0,0,-0.428,0,0,56.0,0,0,17,16,2,2,1,1,1,0,2,0,2,0,0.0551
51175,Tom Bjorklund,Miami Marlins,2,1,1,7,1,6,0,0,0,-0.0208,1,0,9.0,0,3,1,1,0,0,0,0,0,0,0,0,0,-0.4112,0,,37580,Cody Addeo,Washington Nationals,3,7,6,52,2,50,0,4,0,0.1245,0,0,54.0,0,0,9,9,0,0,0,0,0,0,0,0,0,0,0,,53794,Carlos Sedano,Minnesota Twins,4,12,5,31,19,11,1,3,0,0.2642,0,0,57.0,0,0,18,18,5,5,1,0,0,0,1,0,3,0,0,,50984,Bob Wolfe,Detroit Tigers,5,10,4,19,12,7,0,0,0,-0.2078,0,0,50.1,0,0,18,17,1,0,1,1,1,0,1,0,2,0,0,,37934,John Leachman,Texas Rangers,6,6,6,15,8,7,0,1,0,0.255,0,0,48.2,0,0,12,12,0,0,2,1,0,0,0,0,2,0,0,,52466,Mike Baily,Houston Astros,7,11,7,17,1,16,0,0,0,-1.2047,0,0,71.2,0,0,13,12,5,3,2,1,3,0,3,0,7,0,-0.0318,,47647,Rich Moore,Arizona Diamondbacks,8,5,4,10,0,10,0,0,0,-0.4243,0,0,34.0,0,0,10,10,1,0,0,0,2,0,1,0,1,0,-0.0798,,44694,Bobby Zarate,New York (N) Mets,9,7,7,11,0,11,0,0,0,-1.2081,0,0,56.0,0,0,10,10,2,0,1,0,1,1,4,0,8,0,0.4566
52145,Luis Herrera,Los Angeles (A) Angels,2,1,1,12,2,10,0,0,0,-1.0942,0,0,9.0,5,4,1,1,0,0,1,1,0,0,0,0,0,-0.1374,0,,44465,Ryan Penning,Atlanta Braves,3,7,6,48,2,46,0,4,0,0.0905,0,0,53.1,0,0,4,4,1,1,0,0,0,0,0,0,0,0,0,,47379,Willie Urbano,New York (N) Mets,4,13,6,22,17,5,0,1,0,0.6381,0,0,55.0,0,0,14,14,1,1,1,1,1,1,0,0,2,0,0,,47654,Joe Bittar,New York (N) Mets,5,13,5,8,6,2,0,1,0,0.0566,0,0,49.0,0,0,6,6,2,1,0,0,0,0,0,0,0,0,0,,33535,Brandon Tyson,Cleveland Guardians,6,5,5,15,11,4,0,3,0,-1.7885,0,0,48.0,0,0,11,10,3,0,1,0,0,0,1,0,2,0,0,,46674,Joey Graham,Kansas City Royals,7,14,7,18,0,18,0,0,0,-0.6404,0,0,71.0,0,0,14,14,5,3,2,1,4,0,6,0,3,0,0.1036,,54049,Kevin Lewman,Baltimore Orioles,8,5,4,7,0,7,0,0,0,0.2744,0,0,34.0,0,0,5,5,1,1,0,0,2,1,1,0,1,0,-0.1145,,49334,Jim Aguilar,Tampa Bay Rays,9,6,6,11,0,11,0,0,0,-0.0955,0,0,54.0,0,0,8,8,3,2,2,1,0,0,2,0,8,0,-0.0786
31902,Roger Platt,Toronto Blue Jays,2,1,1,11,0,11,0,0,0,-0.4482,0,0,8.0,2,6,2,2,0,0,0,0,0,0,0,0,0,-0.2701,0,,21686,Jordan Sanchez,Houston Astros,3,9,4,62,3,59,0,0,0,0.0765,0,0,51.0,0,0,12,12,2,2,1,0,0,0,0,0,0,0,0,,51700,Victor Cardo,San Francisco Giants,4,6,6,20,13,7,0,3,0,0.3486,0,0,54.0,0,0,10,10,0,0,1,1,2,1,1,0,3,0,0,,46930,Ruben Penedo,Chicago (N) Cubs,5,9,3,14,10,4,0,1,0,0.0835,0,0,47.1,0,0,13,13,0,0,0,0,0,0,1,0,1,0,0,,49893,Sean Canan,Kansas City Royals,6,6,5,18,11,6,1,3,0,-0.3759,0,0,47.2,0,0,12,10,1,1,1,1,1,1,0,0,3,0,0,,52074,Jaime Guzman,Atlanta Braves,7,8,7,13,0,13,0,0,0,0.5076,0,0,69.0,0,0,10,10,1,1,2,2,0,0,1,0,7,0,-0.4181,,28824,Chris Vanover,Chicago (A) White Sox,8,8,2,6,0,6,0,0,0,-0.1945,0,0,30.2,0,0,4,4,2,2,2,0,0,0,1,0,0,0,-0.1067,,51167,Angel Ortiz,Chicago (A) White Sox,9,7,6,11,0,11,0,0,0,-0.1984,0,0,54.0,0,0,8,8,2,1,4,2,1,0,0,0,0,0,0.0266
47608,Nolan Lee,Miami Marlins,2,1,1,4,0,4,0,0,0,-0.2261,0,0,8.0,0,11,1,0,0,0,0,0,0,0,0,0,0,-0.1405,0,,52445,Chance Robinson,Cincinnati Reds,3,9,5,54,9,45,0,5,0,-0.0515,0,0,51.0,0,0,13,13,2,1,0,0,0,0,1,0,1,0,0,,53284,Eric Cimini,Tampa Bay Rays,4,6,5,34,21,13,0,7,0,1.7212,0,0,49.0,0,0,14,14,1,1,3,3,3,2,0,0,4,0,0,,46595,Eddie Couch,Kansas City Royals,5,5,5,21,16,4,1,2,0,-0.0381,0,0,46.2,0,0,16,15,6,4,0,0,2,1,0,0,1,0,0,,53794,Carlos Sedano,Minnesota Twins,6,9,5,20,14,6,0,2,0,-0.4772,0,0,46.0,0,0,11,10,3,1,3,2,2,1,2,0,0,0,0,,31667,David Lodovico,Detroit Tigers,7,8,8,11,0,11,0,0,0,-1.751,0,0,68.2,0,0,10,9,2,1,2,1,2,0,2,0,9,0,0.0494,,49217,Ugo Ciai,Cincinnati Reds,8,4,3,8,0,8,0,0,0,-0.2912,0,0,28.2,0,0,6,5,1,1,2,2,0,0,2,0,1,0,0.1232,,49145,Adam Flower,Seattle Mariners,9,6,6,8,0,8,0,0,0,-0.6979,0,0,52.0,0,0,7,7,3,1,0,0,3,0,1,0,2,0,0.4811
49148,Ricky Olivares,Miami Marlins,2,1,1,9,0,9,0,0,0,-0.7909,1,0,8.0,3,4,0,0,0,0,0,0,0,0,0,0,0,-0.4105,0,,35370,Alex Navarro,Oakland Athletics,3,12,5,58,6,52,0,3,0,0.0415,0,0,50.0,0,0,6,6,1,1,0,0,1,0,0,0,0,0,0,,49224,Geoff Hedrick,New York (N) Mets,4,6,6,19,11,8,0,3,0,0.0193,0,0,48.0,0,0,13,13,0,0,1,0,0,0,2,0,4,0,0,,50711,Tom Levie,Minnesota Twins,5,6,6,10,6,2,2,1,0,-0.9017,0,0,46.2,0,0,10,8,0,0,0,0,0,0,2,0,1,0,0,,42331,Bert Gonzales,Philadelphia Phillies,6,5,5,16,11,4,1,3,0,-0.0569,0,0,45.0,0,0,9,8,0,0,0,0,3,2,1,0,4,0,0,,46286,Justin Strasbaugh,Texas Rangers,7,8,7,10,0,10,0,0,0,-1.5262,0,0,62.2,0,0,10,10,2,0,1,0,1,0,3,0,4,0,0.3543,,52100,Mario Medina,Los Angeles (A) Angels,8,3,3,14,1,13,0,0,0,-0.489,0,0,28.2,0,0,11,11,1,1,3,1,1,0,0,0,0,0,0.8072,,46021,Mike Owens,Milwaukee Brewers,9,10,5,13,0,13,0,0,0,-0.2064,0,0,49.0,0,0,11,11,3,1,0,0,1,1,3,0,3,0,-0.1851
52343,Mike Tharpe,Texas Rangers,2,1,1,4,0,4,0,0,0,-1.0409,1,0,8.0,4,5,0,0,0,0,0,0,0,0,0,0,0,-0.0021,0,,46706,Gary Evans,San Francisco Giants,3,6,5,45,1,44,0,1,0,-0.0012,0,0,49.0,0,0,6,6,0,0,0,0,1,0,0,0,1,0,0,,47137,Beau Walters,Los Angeles (N) Dodgers,4,12,6,19,9,8,2,4,0,-0.6814,0,0,47.2,0,0,9,7,1,1,0,0,1,1,1,0,3,0,0,,30189,Julian Marquez,St. Louis Cardinals,5,6,5,11,4,5,2,0,0,-2.7732,0,0,43.0,0,0,12,9,3,0,0,0,1,0,0,0,0,0,0,,46986,Jeremy Matelski,Texas Rangers,6,5,5,22,13,6,3,2,0,-2.1992,0,0,45.0,0,0,18,13,2,2,3,1,0,0,1,0,3,0,0,,52023,Edgar Medina,Atlanta Braves,7,7,7,14,0,14,0,0,0,-1.1388,0,0,59.2,0,0,11,10,5,3,3,1,0,0,3,0,4,0,0.0431,,52557,Brent Coltharp,Tampa Bay Rays,8,4,3,7,1,6,0,0,0,0.1287,0,0,28.0,0,0,4,4,2,2,0,0,0,0,2,0,0,0,0.5274,,61108,Chang-weon Hann,Boston Red Sox,9,10,3,15,0,15,0,0,0,-0.4526,0,0,48.1,0,0,12,12,3,2,4,1,1,0,0,0,3,0,0.3963
50707,Shane Serrato,New York (N) Mets,2,1,0,2,0,2,0,0,0,0.0046,0,0,2.0,0,0,0,0,0,0,0,0,0,0,0,0,0,-0.0002,0,,52050,Jonathan Urrutia,Minnesota Twins,3,22,0,56,6,49,1,4,0,-0.3469,0,0,48.0,0,0,12,11,1,1,0,0,0,0,0,0,0,0,0,,52452,Natanael Ferreira,Houston Astros,4,5,5,19,13,4,2,0,0,-0.4949,0,0,45.0,0,0,15,13,2,2,1,1,0,0,0,0,1,0,0,,56403,Alex Espino,Colorado Rockies,5,6,4,7,4,3,0,0,0,-0.4139,0,0,38.0,0,0,6,5,2,1,1,1,0,0,0,0,1,0,0,,50197,Cruz Maltez,Chicago (N) Cubs,6,5,4,13,9,3,1,2,0,-0.8699,0,0,45.0,0,0,8,6,1,1,1,0,2,1,1,0,3,0,0,,51419,Herb Gess,New York (N) Mets,7,13,4,21,0,19,2,0,0,-0.2912,0,0,57.2,0,0,14,13,5,4,2,2,1,0,2,0,4,0,0.5265,,52653,Dusty Wilson,Cleveland Guardians,8,3,3,5,0,5,0,0,0,-0.3494,0,0,23.0,0,0,3,3,2,1,3,1,0,0,0,0,0,0,0.1478,,47772,Randy Talley,Colorado Rockies,9,8,5,11,0,11,0,0,0,-0.3774,0,0,48.0,0,0,10,10,2,1,0,0,2,0,3,0,4,0,0.9336
52052,Jorge Ochoa,Cincinnati Reds,2,1,0,2,0,2,0,0,0,0.0046,0,0,2.0,0,1,0,0,0,0,0,0,0,0,0,0,0,-0.1364,0,,56946,Willie Torres,Los Angeles (A) Angels,3,6,6,43,3,40,0,1,0,-0.2928,0,0,46.0,0,0,10,9,2,2,2,0,1,1,1,0,1,0,0,,42083,Edgar Castillo,Chicago (N) Cubs,4,5,5,15,10,5,0,3,0,-0.3748,0,0,44.0,0,0,8,7,2,2,0,0,4,1,1,0,5,0,0,,52584,Pete Gigliotti,Milwaukee Brewers,5,13,2,8,6,2,0,1,0,0.4992,0,0,37.1,0,0,7,7,0,0,0,0,0,0,1,1,1,0,0,,49955,Daniel Vasquez,Baltimore Orioles,6,6,5,12,10,2,0,0,0,-0.0215,0,0,44.2,0,0,10,10,3,1,0,0,0,0,0,0,2,0,0,,47772,Randy Talley,Colorado Rockies,7,9,6,14,0,14,0,0,0,0.6968,0,0,55.0,0,0,11,11,2,2,0,0,3,1,1,0,7,0,-0.0763,,50973,Alan Marsalek,Seattle Mariners,8,9,0,10,0,10,0,0,0,0.2491,0,0,21.1,0,0,5,5,5,5,0,0,2,0,0,0,0,0,0.3438,,46037,Vic Entz,Toronto Blue Jays,9,6,5,11,0,11,0,0,0,-0.7673,0,0,46.0,0,0,7,7,6,4,1,0,0,0,3,0,4,0,0.0149
36111,Danny Espinoza,Miami Marlins,2,1,0,1,0,1,0,0,0,0.0023,0,0,1.0,0,1,0,0,0,0,0,0,0,0,0,0,0,-0.1357,0,,52396,Ryan Kahabka,Milwaukee Brewers,3,13,2,53,5,47,1,0,0,-0.1884,0,0,40.1,0,0,11,10,1,1,0,0,1,1,0,0,0,0,0,,50237,Victor Villalobos,Seattle Mariners,4,23,0,16,9,7,0,3,0,-0.4356,0,0,41.0,0,0,10,9,0,0,0,0,1,0,0,0,2,0,0,,47445,Jeremy Webb,0,5,5,4,11,8,3,0,0,0,1.2168,0,0,37.0,0,0,6,6,2,2,2,2,0,0,1,0,0,0,0,,44797,David Mendoza,Philadelphia Phillies,6,6,5,13,10,3,0,2,0,0.3915,0,0,38.1,0,0,10,10,0,0,1,1,0,0,0,0,0,0,0,,50227,Moises Loza,Tampa Bay Rays,7,8,6,12,0,11,1,0,0,-0.1331,0,0,54.0,0,0,8,8,2,2,3,1,2,0,2,0,6,0,0.0594,,50974,Jayden St. Hill,San Francisco Giants,8,3,2,5,0,5,0,0,0,-1.4365,0,0,19.0,0,0,4,4,3,1,1,0,1,0,0,0,0,0,-0.197,,54854,Victor de la Paz,Seattle Mariners,9,6,5,7,0,7,0,0,0,-0.0421,0,0,46.0,0,0,6,6,1,1,0,0,1,0,3,0,1,0,0.0847
58051,Franklin Maestas,Texas Rangers,2,1,0,0,0,0,0,0,0,-0.2477,0,0,1.0,1,0,0,0,0,0,0,0,0,0,0,0,0,-0.0007,0,,49107,Jeremy Bell,Baltimore Orioles,3,5,5,42,6,36,0,4,0,0.1604,0,0,39.0,0,0,13,13,1,1,0,0,0,0,2,0,1,0,0,,50168,Hugo de Leon,Minnesota Twins,4,13,3,9,5,4,0,1,0,0.195,0,0,40.0,0,0,5,5,2,1,0,0,0,0,1,0,4,0,0,,53243,Jerry Vincent,Tampa Bay Rays,5,5,4,6,4,2,0,1,0,0.1729,0,0,36.0,0,0,6,6,0,0,0,0,0,0,0,0,0,0,0,,42347,Elias Torres,Kansas City Royals,6,5,4,19,10,7,2,2,0,-0.391,0,0,38.0,0,0,14,12,1,1,1,1,1,1,3,0,2,0,0,,53029,Ryan Adcock,Los Angeles (N) Dodgers,7,23,2,11,0,10,1,0,0,-2.1043,0,0,50.0,0,0,12,10,1,0,0,0,1,0,1,0,2,0,0.2731,,24546,Jason Drago,Los Angeles (A) Angels,8,2,2,7,0,7,0,0,0,0.2437,0,0,18.0,0,0,4,4,3,3,0,0,0,0,0,0,1,0,0.086,,46286,Justin Strasbaugh,Texas Rangers,9,6,5,6,0,6,0,0,0,-1.3629,0,0,45.0,0,0,7,6,0,0,3,0,2,0,0,0,9,0,0.7277
,,,,,,,,,,,,,,,,,,,,,,,,,,,,,,,,53029,Ryan Adcock,Los Angeles (N) Dodgers,3,8,4,32,3,29,0,1,0,0.0361,0,0,38.0,0,0,9,9,0,0,0,0,1,0,0,0,0,0,0,,24170,Jose de Haro,St. Louis Cardinals,4,4,3,17,9,7,1,3,0,-0.6824,0,0,35.2,0,0,11,10,1,1,0,0,1,0,2,0,2,0,0,,46472,Jason Phelps,Philadelphia Phillies,5,4,4,7,6,1,0,0,0,-0.185,0,0,35.0,0,0,5,5,4,2,0,0,1,0,0,0,2,0,0,,49815,Al Cormier,Cleveland Guardians,6,4,4,12,8,4,0,1,0,0.4079,0,0,35.0,0,0,8,8,1,1,1,1,0,0,0,0,1,0,0,,52280,Paul Richie,Atlanta Braves,7,14,3,14,1,13,0,1,0,0.6892,0,0,49.1,0,0,7,7,4,4,1,0,2,1,4,1,8,0,0.2998,,48515,Gilberto Tapia,Miami Marlins,8,2,2,6,0,6,0,0,0,-0.0036,0,0,17.0,0,0,6,6,0,0,0,0,0,0,1,0,0,0,0.0169,,46813,Chris Greco,Texas Rangers,9,6,5,11,0,11,0,0,0,0.203,0,0,45.0,0,0,9,9,0,0,2,1,2,1,2,0,6,0,0.0636
,,,,,,,,,,,,,,,,,,,,,,,,,,,,,,,,44797,David Mendoza,Philadelphia Phillies,3,5,4,33,3,30,0,6,0,0.0705,0,0,37.0,0,0,5,5,0,0,0,0,0,0,0,0,0,0,0,,52466,Mike Baily,Houston Astros,4,4,4,21,11,8,2,1,0,-1.5187,0,0,34.0,0,0,17,13,2,2,1,1,0,0,0,0,0,0,0,,52466,Mike Baily,Houston Astros,5,4,4,11,7,3,1,0,0,-0.5211,0,0,35.0,0,0,10,10,2,0,0,0,1,0,2,0,1,0,0,,52891,Stanford Tiller,Oakland Athletics,6,5,3,12,11,1,0,1,0,0.7548,0,0,33.0,0,0,9,9,2,2,1,1,0,0,1,0,1,0,0,,47379,Willie Urbano,New York (N) Mets,7,6,6,11,0,10,1,0,0,-0.7443,0,0,47.0,0,0,8,8,2,2,3,0,1,0,1,0,6,0,0.4931,,50895,Juan Ortega,Baltimore Orioles,8,3,2,1,0,1,0,0,0,-0.1998,0,0,17.0,0,0,0,0,2,1,0,0,0,0,0,0,2,0,-0.1857,,44765,Manny Mosqueda,Philadelphia Phillies,9,5,4,16,0,15,1,0,0,-0.5147,0,0,40.0,0,0,12,12,5,3,1,0,1,0,1,0,2,0,0.4984
,,,,,,,,,,,,,,,,,,,,,,,,,,,,,,,,51063,Justin Swanson,Arizona Diamondbacks,3,11,0,40,5,33,2,2,0,-0.4051,0,0,37.0,0,0,12,11,1,1,0,0,0,0,1,0,0,0,0,,50974,Jayden St. Hill,San Francisco Giants,4,5,4,17,6,10,1,1,0,-0.434,0,0,33.0,0,0,14,13,0,0,1,0,0,0,0,0,2,0,0,,47691,Steve Botts,New York (N) Mets,5,7,3,6,3,3,0,0,0,-0.23,0,0,34.0,0,0,4,4,3,2,0,0,0,0,0,0,1,0,0,,47691,Steve Botts,New York (N) Mets,6,4,3,13,7,6,0,1,0,-0.4951,0,0,31.0,0,0,9,8,3,2,1,0,0,0,0,0,2,0,0,,58051,Franklin Maestas,Texas Rangers,7,6,4,10,0,10,0,0,0,-0.3725,0,0,43.1,0,0,8,8,2,2,0,0,2,0,3,0,2,0,0.2156,,52502,Bobby Sligh,Los Angeles (A) Angels,8,2,2,7,0,7,0,0,0,-0.1741,0,0,17.0,0,0,5,5,2,2,1,0,2,0,1,0,2,0,0.4279,,52608,Jonathan Gayle,New York (N) Mets,9,7,5,7,0,7,0,0,0,0.3492,0,0,39.0,0,0,5,5,0,0,2,1,0,0,2,1,4,0,0.312
,,,,,,,,,,,,,,,,,,,,,,,,,,,,,,,,48476,Juan Ruiz,Arizona Diamondbacks,3,4,4,42,2,40,0,3,0,0.1037,0,0,35.0,0,0,7,7,0,0,0,0,0,0,0,0,0,0,0,,49893,Sean Canan,Kansas City Royals,4,6,3,9,8,1,0,4,0,0.1716,0,0,30.0,0,0,7,7,1,0,0,0,0,0,1,0,2,0,0,,42268,Arturo Banda,Los Angeles (A) Angels,5,9,2,10,6,3,1,0,0,-0.9542,0,0,33.0,0,0,10,9,3,0,0,0,0,0,0,0,1,0,0,,51076,Ruben Jimenez,Colorado Rockies,6,4,3,11,10,1,0,0,0,0.0528,0,0,31.0,0,0,8,8,3,3,0,0,1,0,1,0,5,0,0,,46421,Ben Reed,Arizona Diamondbacks,7,5,5,11,1,10,0,0,0,0.7815,0,0,41.2,0,0,6,6,1,1,4,3,1,0,1,0,3,0,0.7613,,58374,Malcolm Wilson,Houston Astros,8,2,2,2,0,2,0,0,0,-0.2424,0,0,16.0,0,0,2,2,0,0,1,0,1,0,0,0,1,0,-0.1863,,50963,Caleb Risner,Pittsburgh Pirates,9,13,2,3,0,3,0,0,0,-0.9581,0,0,37.0,0,0,3,3,1,0,2,0,0,0,0,0,2,0,0.5186
,,,,,,,,,,,,,,,,,,,,,,,,,,,,,,,,47344,Joey Southerland,Chicago (A) White Sox,3,5,3,26,2,24,0,1,0,0.0196,0,0,33.1,0,0,1,1,1,1,0,0,0,0,1,0,2,0,0,,30310,Craig McAllister,Detroit Tigers,4,3,3,18,10,8,0,3,0,-0.3612,0,0,28.0,0,0,12,10,3,2,0,0,0,0,0,0,3,0,0,,50212,Rafael Peralta,Cleveland Guardians,5,4,3,12,7,4,1,1,0,-0.442,0,0,33.0,0,0,10,9,2,1,0,0,0,0,1,0,1,0,0,,44791,Fontana Rosolino,Texas Rangers,6,3,3,6,4,2,0,0,0,-0.007,0,0,28.0,0,0,4,4,1,1,1,0,0,0,1,0,1,0,0,,28824,Chris Vanover,Chicago (A) White Sox,7,6,5,10,0,9,1,0,0,0.6404,0,0,41.0,0,0,5,5,1,1,4,2,2,0,3,1,4,0,0.704,,46978,Mel Ortiz,Pittsburgh Pirates,8,5,1,10,0,10,0,0,0,0.5592,0,0,15.0,0,0,7,7,1,1,1,1,1,1,0,0,3,0,0.3405,,50196,Luis Ramires,Milwaukee Brewers,9,7,4,3,0,3,0,0,0,0.1846,0,0,36.1,0,0,1,1,2,2,1,0,2,0,1,0,3,0,-0.2072
,,,,,,,,,,,,,,,,,,,,,,,,,,,,,,,,52671,Adam Lussow,Colorado Rockies,3,11,2,30,6,23,1,4,0,-0.4279,0,0,32.2,0,0,11,10,1,1,0,0,0,0,1,0,0,0,0,,48907,Eric Crippen,Tampa Bay Rays,4,3,3,11,6,5,0,1,0,0.1306,0,0,27.0,0,0,7,7,0,0,0,0,0,0,0,0,1,0,0,,51590,Mario Amalla,Cincinnati Reds,5,4,3,7,5,2,0,1,0,-0.7657,0,0,33.0,0,0,6,5,3,2,0,0,0,0,0,0,0,0,0,,47379,Willie Urbano,New York (N) Mets,6,5,3,11,7,4,0,2,0,-1.7006,0,0,28.0,0,0,7,6,0,0,1,0,3,0,3,0,1,0,0,,52798,Clint Reynolds,Arizona Diamondbacks,7,5,4,5,0,5,0,0,0,-0.6008,0,0,38.0,0,0,6,5,0,0,1,0,1,0,1,0,0,0,-0.0065,,54947,Elias Barragan,Los Angeles (N) Dodgers,8,2,2,4,0,4,0,0,0,-0.1795,0,0,15.0,0,0,4,4,0,0,1,0,0,0,1,0,1,0,-0.0007,,38380,Xin-fang Xú,San Diego Padres,9,6,5,9,0,9,0,0,0,0.0675,0,0,36.0,0,0,8,8,1,1,0,0,0,0,2,0,4,0,0.1328
,,,,,,,,,,,,,,,,,,,,,,,,,,,,,,,,50284,Alex Escobar,Kansas City Royals,3,10,2,30,3,27,0,4,0,0.1071,0,0,31.0,0,0,5,5,1,1,0,0,0,0,0,0,0,0,0,,50914,Greg Williams,San Francisco Giants,4,3,3,14,9,5,0,2,0,-0.4131,0,0,26.0,0,0,10,9,0,0,0,0,0,0,2,0,1,0,0,,52748,Minh-Duc Huynh,Minnesota Twins,5,14,0,14,11,3,0,2,0,0.3893,0,0,32.0,0,0,13,13,1,1,0,0,1,0,1,0,1,0,0,,48693,Jose Alarcon,Atlanta Braves,6,5,2,17,14,3,0,2,0,-0.0247,0,0,27.0,0,0,12,12,2,1,1,1,1,0,0,0,3,0,0,,36112,Luis Sanchez,Houston Astros,7,6,4,7,0,7,0,0,0,-0.5288,0,0,37.0,0,0,5,5,0,0,2,2,2,0,2,0,2,0,0.5479,,56762,Ricardo Villanueva,Chicago (A) White Sox,8,2,2,5,0,5,0,0,0,-0.0841,0,0,15.0,0,0,3,3,2,1,1,1,1,0,0,0,1,0,-0.1417,,50183,Robby Almaguer,Philadelphia Phillies,9,4,4,5,0,5,0,0,0,-0.192,0,0,36.0,0,0,3,3,2,1,1,0,2,1,2,0,2,0,0.2944
,,,,,,,,,,,,,,,,,,,,,,,,,,,,,,,,34574,Ivan Galvan,Toronto Blue Jays,3,6,3,26,2,23,1,2,0,-0.9873,0,0,30.0,0,0,7,5,0,0,1,1,0,0,0,0,0,0,0,,28824,Chris Vanover,Chicago (A) White Sox,4,5,1,16,13,3,0,1,0,0.7732,0,0,25.0,0,0,10,10,0,0,3,3,0,0,1,1,0,0,0,,44797,David Mendoza,Philadelphia Phillies,5,4,3,15,11,4,0,2,0,0.8889,0,0,31.0,0,0,11,11,2,2,0,0,3,2,0,0,1,0,0,,46674,Joey Graham,Kansas City Royals,6,3,3,6,4,2,0,2,0,0.2122,0,0,22.0,0,0,5,5,1,1,0,0,0,0,0,0,0,0,0,,49639,Corey Hayward,New York (A) Yankees,7,17,0,10,0,9,1,0,0,-0.7703,0,0,37.0,0,0,10,9,0,0,0,0,1,0,1,0,2,0,-0.1732,,48887,Dustin Brown,San Diego Padres,8,5,1,5,0,4,1,0,0,0.0668,0,0,14.1,0,0,3,3,1,1,0,0,0,0,1,0,1,0,-0.1128,,50550,Jason Spann,Detroit Tigers,9,4,4,7,0,7,0,0,0,-0.253,0,0,36.0,0,0,6,6,1,0,2,1,0,0,1,0,2,0,0.2708
,,,,,,,,,,,,,,,,,,,,,,,,,,,,,,,,50189,Luis Diaz,Seattle Mariners,3,7,2,30,2,27,1,2,0,-0.4849,0,0,29.0,0,0,7,6,0,0,0,0,0,0,0,0,0,0,0,,46978,Mel Ortiz,Pittsburgh Pirates,4,13,0,10,5,4,1,2,0,-0.538,0,0,24.1,0,0,5,4,1,1,1,0,0,0,1,0,0,0,0,,51419,Herb Gess,New York (N) Mets,5,8,3,16,13,3,0,2,0,-0.4779,0,0,30.0,0,0,15,13,3,2,0,0,0,0,0,0,0,0,0,,29116,Matt Roach,Houston Astros,6,3,1,13,10,3,0,3,0,0.2533,0,0,19.2,0,0,6,6,3,3,1,0,0,0,0,0,2,0,0,,47050,Jamie Boldin,Cleveland Guardians,7,5,4,4,0,4,0,0,0,-0.4216,0,0,35.1,0,0,3,2,1,0,3,2,0,0,1,0,5,0,0.4685,,61108,Chang-weon Hann,Boston Red Sox,8,2,2,2,0,2,0,0,0,-0.1086,0,0,14.0,0,0,2,2,0,0,0,0,1,0,2,0,1,0,0.1358,,58051,Franklin Maestas,Texas Rangers,9,4,4,7,0,6,1,0,0,-0.4419,0,0,35.2,0,0,6,5,1,1,1,0,0,0,1,0,2,0,-0.4901
,,,,,,,,,,,,,,,,,,,,,,,,,,,,,,,,53698,Lazaro Gamboa,Los Angeles (N) Dodgers,3,12,0,22,1,21,0,0,0,0.2599,0,0,28.0,0,0,4,4,0,0,0,0,1,1,0,0,1,0,0,,44694,Bobby Zarate,New York (N) Mets,4,13,0,8,5,3,0,2,0,0.2084,0,0,24.0,0,0,6,6,1,1,1,1,1,0,0,0,3,0,0,,50707,Shane Serrato,New York (N) Mets,5,6,3,11,6,5,0,0,0,0.3484,0,0,29.1,0,0,9,9,1,1,0,0,0,0,0,0,2,0,0,,27731,Kevin Sandifer,Baltimore Orioles,6,3,2,9,7,2,0,1,0,0.2441,0,0,19.0,0,0,6,6,0,0,2,2,1,0,2,0,0,0,0,,58374,Malcolm Wilson,Houston Astros,7,4,4,5,0,5,0,0,0,-0.0033,0,0,35.0,0,0,4,4,0,0,1,1,2,0,2,0,3,0,-0.0017,,45995,Luis Ruiz,Chicago (N) Cubs,8,6,0,2,0,2,0,0,0,-0.0146,0,0,13.0,0,0,1,1,1,1,0,0,1,0,1,0,3,0,-0.0729,,47737,Erik Mason,Los Angeles (A) Angels,9,5,4,8,0,8,0,0,0,0.0436,0,0,35.0,0,0,4,4,4,4,1,0,1,0,3,0,2,0,-0.0055
,,,,,,,,,,,,,,,,,,,,,,,,,,,,,,,,39593,Jose Garcia,Philadelphia Phillies,3,3,3,20,0,20,0,2,0,0.052,0,0,27.0,0,0,5,5,0,0,0,0,0,0,0,0,0,0,0,,47691,Steve Botts,New York (N) Mets,4,4,2,8,8,0,0,2,0,-0.2942,0,0,23.0,0,0,7,6,1,1,1,1,1,0,0,0,0,0,0,,46877,Sean Brier,Texas Rangers,5,4,3,6,5,1,0,0,0,0.1591,0,0,27.2,0,0,5,5,0,0,1,0,2,1,0,0,0,0,0,,56759,Nate Strong,New York (A) Yankees,6,3,2,9,4,5,0,2,0,-0.1475,0,0,19.0,0,0,5,5,0,0,3,1,1,0,0,0,1,0,0,,48770,Josh Pontarelli,Minnesota Twins,7,17,1,3,0,3,0,0,0,0.0934,0,0,34.2,0,0,2,2,0,0,1,0,1,1,1,0,3,0,0.0739,,24208,Remo Carone,Baltimore Orioles,8,2,1,3,0,3,0,0,0,-0.1634,0,0,11.0,0,0,3,3,0,0,1,0,0,0,0,0,1,0,0.0486,,49224,Geoff Hedrick,New York (N) Mets,9,5,5,18,0,18,0,0,0,0.8348,0,0,33.2,0,0,13,13,5,5,0,0,0,0,0,0,5,0,-0.2975
,,,,,,,,,,,,,,,,,,,,,,,,,,,,,,,,47137,Beau Walters,Los Angeles (N) Dodgers,3,4,3,32,0,32,0,2,0,-0.4615,0,0,26.2,0,0,4,3,2,1,0,0,0,0,0,0,0,0,0,,29116,Matt Roach,Houston Astros,4,5,2,16,10,6,0,3,0,0.3511,0,0,19.1,0,0,9,9,1,1,1,1,0,0,0,0,0,0,0,,52530,Josh Lilly,Los Angeles (N) Dodgers,5,10,1,5,3,2,0,0,0,-0.0226,0,0,27.1,0,0,5,5,0,0,1,0,0,0,0,0,0,0,0,,36112,Luis Sanchez,Houston Astros,6,2,1,6,4,2,0,1,0,0.1795,0,0,17.0,0,0,2,2,0,0,1,1,0,0,0,0,0,0,0,,42380,Lorenzo Santi,Minnesota Twins,7,18,0,4,0,4,0,0,0,0.2535,0,0,33.0,0,0,2,2,0,0,4,2,1,0,3,0,0,0,0.2728,,24357,Bob Vega,Colorado Rockies,8,2,1,2,0,2,0,0,0,-0.3098,0,0,11.0,0,0,2,2,1,0,0,0,0,0,2,0,2,0,0.0855,,49107,Jeremy Bell,Baltimore Orioles,9,6,3,6,0,6,0,0,0,-0.2279,0,0,31.2,0,0,4,4,2,1,2,1,1,0,0,0,5,0,0.1031
,,,,,,,,,,,,,,,,,,,,,,,,,,,,,,,,52030,Joaquin Santiago,Atlanta Braves,3,8,2,22,2,20,0,1,0,0.0308,0,0,26.1,0,0,5,5,0,0,0,0,0,0,1,0,0,0,0,,51316,Brian Roberti,Chicago (A) White Sox,4,3,1,6,2,4,0,1,0,-0.37660000000000005,0,0,19.0,0,0,1,1,2,1,1,0,1,0,1,1,1,0,0,,35077,Fergus Anderson,Philadelphia Phillies,5,3,3,14,11,3,0,2,0,0.5381,0,0,27.0,0,0,12,12,2,2,0,0,0,0,0,0,0,0,0,,51316,Brian Roberti,Chicago (A) White Sox,6,2,2,3,3,0,0,0,0,-0.4162,0,0,16.0,0,0,4,3,0,0,0,0,0,0,0,0,1,0,0,,24357,Bob Vega,Colorado Rockies,7,6,3,5,0,5,0,0,0,0.394,0,0,32.0,0,0,3,3,2,2,1,0,0,0,0,0,3,0,-0.1906,,46377,Jonathan Sparks,Chicago (A) White Sox,8,2,1,4,0,4,0,0,0,-0.6285,0,0,11.0,0,0,4,3,1,1,0,0,0,0,0,0,0,0,0.2715,,50927,Jared Ledbetter,Cleveland Guardians,9,4,3,5,0,5,0,0,0,0.0179,0,0,31.0,0,0,4,4,1,1,0,0,1,0,0,0,3,0,0.0018
,,,,,,,,,,,,,,,,,,,,,,,,,,,,,,,,48587,Gustavo Vazquez,Boston Red Sox,3,3,3,31,1,30,0,2,0,0.1735,0,0,26.0,0,0,9,9,1,1,0,0,0,0,0,0,0,0,0,,48402,Ricardo Rubio,Philadelphia Phillies,4,2,2,8,5,2,1,2,0,-0.3887,0,0,18.0,0,0,3,2,1,1,0,0,0,0,0,0,2,0,0,,52798,Clint Reynolds,Arizona Diamondbacks,5,3,3,4,2,2,0,0,0,-0.2467,0,0,27.0,0,0,5,4,0,0,0,0,1,0,0,0,0,0,0,,51265,Simon Britton,Los Angeles (A) Angels,6,2,2,5,3,2,0,1,0,0.0376,0,0,14.0,0,0,4,4,0,0,0,0,0,0,2,0,0,0,0,,50242,Danny Diaz,Seattle Mariners,7,5,3,5,0,5,0,0,0,-0.7668,0,0,32.0,0,0,5,5,1,0,1,0,0,0,0,0,0,0,0.5216,,47698,Chris Scott,Houston Astros,8,4,1,3,0,3,0,0,0,0.1897,0,0,11.0,0,0,2,2,0,0,1,1,0,0,0,0,0,0,-0.0127,,39791,Mark Roberts,San Francisco Giants,9,6,3,11,1,10,0,1,0,0.31,0,0,30.0,0,0,8,8,1,1,0,0,2,1,0,0,2,0,-0.0254
,,,,,,,,,,,,,,,,,,,,,,,,,,,,,,,,56870,Sean Aultman,Miami Marlins,3,7,2,27,2,25,0,2,0,0.0809,0,0,26.0,0,0,6,6,0,0,0,0,0,0,0,0,0,0,0,,50532,Brian Witter,Milwaukee Brewers,4,2,2,4,3,1,0,0,0,-0.6637,0,0,17.1,0,0,5,4,0,0,0,0,2,0,1,0,1,0,0,,44618,Jose Tameron,Los Angeles (N) Dodgers,5,7,2,7,5,1,1,2,0,-0.257,0,0,26.2,0,0,5,4,2,2,0,0,0,0,0,0,0,0,0,,50550,Jason Spann,Detroit Tigers,6,4,0,5,3,1,1,1,0,-0.4204,0,0,12.2,0,0,5,4,0,0,0,0,0,0,1,0,2,0,0,,52391,Sean Bruce,St. Louis Cardinals,7,7,3,4,0,3,1,0,0,0.5667,0,0,31.0,0,0,1,1,1,1,1,1,1,0,0,0,1,0,-0.0456,,50999,Casey Clapp,Colorado Rockies,8,5,0,6,1,5,0,0,0,-0.0946,0,0,10.2,0,0,2,2,4,3,0,0,0,0,3,0,1,0,-0.1443,,48771,Joe Horton,Arizona Diamondbacks,9,8,3,7,1,6,0,0,0,-0.001,0,0,30.0,0,0,5,5,1,1,0,0,1,0,1,0,1,0,0.2343
,,,,,,,,,,,,,,,,,,,,,,,,,,,,,,,,47667,Carlos Pinto,New York (N) Mets,3,5,2,18,2,16,0,3,0,0.0663,0,0,24.2,0,0,4,4,0,0,0,0,0,0,0,0,0,0,0,,48762,Jimmy Marcus,Boston Red Sox,4,2,2,5,3,2,0,0,0,0.0586,0,0,17.0,0,0,3,3,0,0,0,0,0,0,0,0,4,0,0,,24170,Jose de Haro,St. Louis Cardinals,5,3,3,7,5,1,1,0,0,-0.3696,0,0,26.0,0,0,7,6,0,0,0,0,0,0,1,0,0,0,0,,47413,Marty McIver,Baltimore Orioles,6,3,1,6,4,1,1,1,0,-0.1319,0,0,12.0,0,0,5,4,0,0,0,0,0,0,1,1,0,0,0,,48476,Juan Ruiz,Arizona Diamondbacks,7,10,0,8,0,8,0,0,0,0.7756,0,0,30.0,0,0,3,3,4,4,1,0,1,1,3,0,4,0,-0.4202,,51318,Brad Ferdman,New York (N) Mets,8,2,1,2,0,2,0,0,0,-0.3189,0,0,10.0,0,0,2,2,0,0,1,0,2,0,0,0,1,0,0.345,,51523,Scott Brock,Baltimore Orioles,9,5,3,4,0,4,0,0,0,-0.3681,0,0,29.0,0,0,3,3,1,1,0,0,1,0,1,0,6,0,-0.4022
,,,,,,,,,,,,,,,,,,,,,,,,,,,,,,,,47770,Jon Cooney,Milwaukee Brewers,3,8,2,27,4,23,0,2,0,0.7254,0,0,24.0,0,0,8,8,0,0,1,1,1,1,0,0,0,0,0,,44681,Emilio Medina,Colorado Rockies,4,2,2,8,5,3,0,2,0,0.2608,0,0,16.2,0,0,6,6,2,1,0,0,0,0,0,0,3,0,0,,31902,Roger Platt,Toronto Blue Jays,5,3,3,5,5,0,0,0,0,0.4471,0,0,26.0,0,0,1,1,3,3,1,1,0,0,0,0,0,0,0,,50707,Shane Serrato,New York (N) Mets,6,2,1,3,2,1,0,0,0,0.0077,0,0,12.0,0,0,3,3,0,0,0,0,0,0,2,0,1,0,0,,49802,Brad James,Minnesota Twins,7,17,0,4,0,4,0,0,0,0.3544,0,0,29.0,0,0,2,2,1,1,0,0,1,1,1,0,4,0,0.3042,,46421,Ben Reed,Arizona Diamondbacks,8,1,0,0,0,0,0,0,0,-0.0186,0,0,9.1,0,0,0,0,0,0,0,0,0,0,1,0,0,0,-0.0021,,56879,Matt Wilkes,Colorado Rockies,9,4,3,8,1,7,0,0,0,-0.2618,0,0,29.0,0,0,6,6,1,1,1,0,2,0,2,0,2,0,0.7856
,,,,,,,,,,,,,,,,,,,,,,,,,,,,,,,,36112,Luis Sanchez,Houston Astros,3,4,2,23,1,22,0,3,0,-0.2528,0,0,23.0,0,0,3,3,0,0,1,0,1,0,0,0,0,0,0,,50235,Sérgio Simard,Minnesota Twins,4,9,0,5,2,3,0,0,0,0.4718,0,0,16.0,0,0,2,2,1,1,0,0,1,1,2,1,0,0,0,,51790,Noe Pereira,Philadelphia Phillies,5,6,2,9,5,3,1,1,0,-0.7541,0,0,24.0,0,0,9,7,2,1,0,0,0,0,0,0,1,0,0,,52507,Soroku Yamaguchi,Arizona Diamondbacks,6,4,1,4,2,2,0,0,0,0.0257,0,0,12.0,0,0,2,2,0,0,0,0,0,0,1,0,0,0,0,,54049,Kevin Lewman,Baltimore Orioles,7,4,3,9,0,9,0,0,0,1.5037,0,0,28.2,0,0,5,5,1,1,2,2,0,0,3,1,1,0,-0.1164,,47350,Adrian Ortiz,St. Louis Cardinals,8,1,1,0,0,0,0,0,0,0,0,0,9.0,0,0,0,0,0,0,0,0,0,0,0,0,0,0,-0.002,,51559,Jesus Galaviz,Baltimore Orioles,9,4,3,6,0,6,0,0,0,-0.3442,0,0,28.0,0,0,4,4,1,1,2,1,1,0,1,0,2,0,0.7027
,,,,,,,,,,,,,,,,,,,,,,,,,,,,,,,,51397,Tom Cooper,New York (N) Mets,3,5,2,23,2,21,0,0,0,0.0925,0,0,23.0,0,0,3,3,1,1,0,0,0,0,0,0,0,0,0,,51107,Travis Fritts,New York (A) Yankees,4,3,1,10,6,4,0,2,0,0.0771,0,0,16.0,0,0,6,6,0,0,0,0,0,0,1,0,1,0,0,,52321,Josh Holden,Cincinnati Reds,5,4,2,6,5,1,0,0,0,0.6341,0,0,23.0,0,0,4,4,1,1,1,1,0,0,1,0,1,0,0,,21295,Gus Garcia,Washington Nationals,6,2,1,1,1,0,0,0,0,-0.5102,0,0,11.0,0,0,2,1,0,0,0,0,0,0,1,0,0,0,0,,48761,Fred Heinke,New York (N) Mets,7,9,1,5,0,5,0,0,0,0.1048,0,0,28.0,0,0,3,3,1,1,2,1,0,0,1,0,4,0,-0.0027,,50783,Josh Carrillo,Colorado Rockies,8,5,0,5,0,5,0,0,0,-0.36950000000000005,0,0,9.0,0,0,2,2,3,3,1,0,1,0,0,0,0,0,0.087,,52357,John Rothering,Miami Marlins,9,4,3,3,0,3,0,0,0,-0.0719,0,0,28.0,0,0,3,3,0,0,0,0,1,0,0,0,1,0,-0.0029
,,,,,,,,,,,,,,,,,,,,,,,,,,,,,,,,28533,Justin Hawkins,San Francisco Giants,3,2,2,13,2,11,0,0,0,-0.5077,0,0,18.0,0,0,6,5,0,0,0,0,0,0,0,0,0,0,0,,46930,Ruben Penedo,Chicago (N) Cubs,4,2,2,4,3,1,0,0,0,-0.32,0,0,15.0,0,0,3,3,2,1,0,0,0,0,0,0,0,0,0,,52686,Mike Banville,Boston Red Sox,5,13,0,10,8,2,0,0,0,0.4007,0,0,22.0,0,0,8,8,0,0,1,1,0,0,0,0,0,0,0,,39791,Mark Roberts,San Francisco Giants,6,1,1,3,2,1,0,0,0,0.0599,0,0,10.0,0,0,2,2,0,0,0,0,0,0,0,0,2,0,0,,49148,Ricky Olivares,Miami Marlins,7,3,3,2,0,2,0,0,0,-0.179,0,0,27.0,0,0,2,2,0,0,0,0,2,0,1,0,1,0,0.007,,51342,Ron Dotson,Seattle Mariners,8,1,1,4,0,4,0,0,0,-0.7163,0,0,9.0,0,0,4,4,2,0,1,0,0,0,0,0,0,0,0.0003,,46930,Ruben Penedo,Chicago (N) Cubs,9,4,3,4,0,4,0,0,0,0.0984,0,0,27.0,0,0,2,2,2,2,0,0,1,0,0,0,4,0,0.6574
,,,,,,,,,,,,,,,,,,,,,,,,,,,,,,,,56403,Alex Espino,Colorado Rockies,3,3,2,19,1,18,0,4,0,0.0104,0,0,18.0,0,0,1,1,0,0,0,0,0,0,0,0,0,0,0,,53698,Lazaro Gamboa,Los Angeles (N) Dodgers,4,6,0,6,5,1,0,1,0,0.1888,0,0,14.0,0,0,2,2,2,2,0,0,0,0,0,0,1,0,0,,49955,Daniel Vasquez,Baltimore Orioles,5,2,2,7,4,2,1,0,0,-0.7541,0,0,17.0,0,0,7,6,0,0,0,0,1,0,0,0,2,0,0,,47888,Ben Mishoe,Pittsburgh Pirates,6,2,1,6,4,2,0,1,0,-0.3374,0,0,10.0,0,0,5,4,1,0,0,0,0,0,0,0,0,0,0,,52230,Alex Alcala,Tampa Bay Rays,7,4,4,6,0,6,0,0,0,-0.071,0,0,27.0,0,0,6,6,0,0,0,0,1,0,1,0,4,0,0.0353,,52294,Chance Dillon,New York (N) Mets,8,1,1,0,0,0,0,0,0,-0.3542,0,0,9.0,0,0,0,0,1,0,0,0,1,0,0,0,0,0,0.1029,,55826,David Carranza,Miami Marlins,9,3,3,5,0,5,0,0,0,-0.5041,0,0,27.0,0,0,5,5,1,0,1,0,1,0,0,0,2,0,0.0709
,,,,,,,,,,,,,,,,,,,,,,,,,,,,,,,,49776,Joe Spears,Los Angeles (N) Dodgers,3,2,2,14,0,13,1,1,0,-0.5782,0,0,17.0,0,0,1,0,0,0,0,0,0,0,0,0,0,0,0,,26374,Barry Bryant,St. Louis Cardinals,4,2,0,6,2,4,0,0,0,0.1273,0,0,13.0,0,0,3,3,1,1,0,0,0,0,0,0,1,0,0,,51294,Jim Proffitt,Detroit Tigers,5,2,2,2,2,0,0,0,0,-0.1524,0,0,17.0,0,0,2,1,1,1,0,0,0,0,0,0,0,0,0,,52343,Mike Tharpe,Texas Rangers,6,2,1,2,2,0,0,0,0,-0.9057,0,0,10.0,0,0,3,2,1,0,0,0,0,0,0,0,0,0,0,,47266,Joel Taylor,Houston Astros,7,3,3,7,0,7,0,0,0,-0.3257,0,0,26.0,0,0,6,6,0,0,1,1,2,0,1,0,0,0,0.4617,,52669,Bill Vaughn,Boston Red Sox,8,1,1,2,0,2,0,0,0,0.005,0,0,9.0,0,0,2,2,0,0,0,0,0,0,0,0,0,0,0.2111,,45833,Orlando Ortiz,San Francisco Giants,9,3,3,9,0,9,0,0,0,-0.3897,0,0,26.0,0,0,7,7,4,2,0,0,0,0,2,0,2,0,0.5542
,,,,,,,,,,,,,,,,,,,,,,,,,,,,,,,,50242,Danny Diaz,Seattle Mariners,3,2,2,12,3,9,0,2,0,0.138,0,0,17.0,0,0,2,2,0,0,1,1,0,0,0,0,0,0,0,,51024,Adrian Graham,Arizona Diamondbacks,4,6,0,5,2,2,1,1,0,-0.4683,0,0,13.0,0,0,3,3,2,0,1,1,0,0,0,0,1,0,0,,50532,Brian Witter,Milwaukee Brewers,5,2,1,3,1,2,0,0,0,0.0723,0,0,14.0,0,0,3,3,0,0,0,0,0,0,0,0,1,0,0,,31186,Alex Lobato,San Francisco Giants,6,1,1,1,1,0,0,0,0,-0.0042,0,0,9.0,0,0,1,1,0,0,0,0,0,0,1,0,1,0,0,,37580,Cody Addeo,Washington Nationals,7,3,3,6,0,6,0,0,0,-2.0221,0,0,25.0,0,0,7,6,1,0,0,0,4,0,1,0,1,0,0.017,,53816,Ruben Leon,Baltimore Orioles,8,1,1,2,0,2,0,0,0,-0.3677,0,0,9.0,0,0,2,2,1,0,0,0,1,0,1,0,0,0,-0.1734,,50406,Tyler Judd,Houston Astros,9,3,3,3,0,3,0,0,0,-1.7541,0,0,26.0,0,0,4,3,1,0,2,0,1,0,0,0,0,0,0.1344
,,,,,,,,,,,,,,,,,,,,,,,,,,,,,,,,51523,Scott Brock,Baltimore Orioles,3,2,2,22,1,21,0,5,0,0.0166,0,0,17.0,0,0,1,1,0,0,0,0,0,0,0,0,0,0,0,,52321,Josh Holden,Cincinnati Reds,4,4,1,3,1,2,0,1,0,0.0391,0,0,13.0,0,0,2,2,0,0,0,0,0,0,0,0,1,0,0,,38380,Xin-fang Xú,San Diego Padres,5,2,1,5,5,0,0,0,0,-0.4015,0,0,12.0,0,0,6,5,0,0,0,0,0,0,0,0,0,0,0,,35077,Fergus Anderson,Philadelphia Phillies,6,1,1,5,2,3,0,1,0,-0.2776,0,0,9.0,0,0,3,3,1,0,1,0,0,0,0,0,1,0,0,,50963,Caleb Risner,Pittsburgh Pirates,7,4,3,3,0,3,0,0,0,-0.516,0,0,25.0,0,0,3,2,2,1,0,0,0,0,0,0,3,0,0.2093,,24870,Joe Coning,Washington Nationals,8,1,0,3,1,2,0,0,0,-0.2727,0,0,8.2,0,0,2,2,1,0,0,0,0,0,0,0,0,0,0.0698,,29103,John Hewett,Texas Rangers,9,4,2,4,0,4,0,0,0,0.2818,0,0,24.0,0,0,2,2,1,1,1,1,0,0,0,0,2,0,0.0005
,,,,,,,,,,,,,,,,,,,,,,,,,,,,,,,,52669,Bill Vaughn,Boston Red Sox,3,2,2,20,0,20,0,1,0,0.0933,0,0,16.0,0,0,6,6,0,0,0,0,0,0,0,0,0,0,0,,35077,Fergus Anderson,Philadelphia Phillies,4,5,0,6,2,3,1,2,0,-0.4893,0,0,12.1,0,0,2,1,0,0,0,0,0,0,0,0,1,0,0,,51056,Eric DeVore,St. Louis Cardinals,5,3,1,5,3,1,1,1,0,-0.6165,0,0,10.0,0,0,4,3,0,0,1,0,0,0,0,0,0,0,0,,38455,Tyler Morrison,Colorado Rockies,6,1,1,2,1,1,0,1,0,-0.4162,0,0,9.0,0,0,0,0,0,0,1,0,0,0,0,0,1,0,0,,55162,Justin Zelaya,Pittsburgh Pirates,7,4,3,6,0,6,0,0,0,-0.8815,0,0,25.0,0,0,5,5,3,1,0,0,1,0,1,0,3,0,-0.1088,,36112,Luis Sanchez,Houston Astros,8,1,1,2,0,1,1,0,0,-0.347,0,0,8.0,0,0,0,0,0,0,2,1,0,0,0,0,0,0,0.3086,,47026,Michael Medina,Pittsburgh Pirates,9,3,3,4,0,4,0,0,0,-0.0687,0,0,22.0,0,0,4,4,0,0,0,0,1,0,0,0,5,0,0.3444
,,,,,,,,,,,,,,,,,,,,,,,,,,,,,,,,29318,Darren Tabak,Houston Astros,3,2,2,16,1,15,0,3,0,-0.5243,0,0,15.0,0,0,5,4,0,0,0,0,0,0,0,0,1,0,0,,53049,Matt Jabs,Arizona Diamondbacks,4,3,0,8,5,3,0,3,0,0.072,0,0,11.0,0,0,4,4,0,0,0,0,0,0,0,0,1,0,0,,21200,Edwin Curiel,Houston Astros,5,1,1,1,1,0,0,1,0,0.0178,0,0,9.0,0,0,1,1,0,0,0,0,0,0,1,0,0,0,0,,47106,Matt Eastwood,Colorado Rockies,6,1,1,3,3,0,0,0,0,0.0898,0,0,9.0,0,0,3,3,0,0,0,0,0,0,0,0,0,0,0,,49038,Ryan Johnson,Los Angeles (A) Angels,7,3,2,2,0,2,0,0,0,-0.522,0,0,23.0,0,0,2,1,2,1,0,0,0,0,0,0,3,0,-0.026,,38545,T.J. Lee,Atlanta Braves,8,1,1,2,0,2,0,0,0,0.1686,0,0,8.0,0,0,1,1,0,0,1,1,0,0,1,0,1,0,-0.0018,,50777,Tyler Pellechio,New York (N) Mets,9,9,0,6,1,5,0,0,0,0.3559,0,0,22.0,0,0,2,2,2,1,0,0,2,2,1,0,3,0,-0.0848
,,,,,,,,,,,,,,,,,,,,,,,,,,,,,,,,48418,Jon Ramirez,New York (A) Yankees,3,2,1,12,1,11,0,0,0,0.0871,0,0,15.0,0,0,6,6,0,0,0,0,0,0,0,0,0,0,0,,23282,Jeremy Massena,San Diego Padres,4,1,1,4,1,3,0,0,0,0.0658,0,0,9.0,0,0,4,4,0,0,0,0,0,0,0,0,0,0,0,,36112,Luis Sanchez,Houston Astros,5,1,1,1,1,0,0,0,0,0.0336,0,0,9.0,0,0,1,1,0,0,0,0,0,0,0,0,0,0,0,,50731,Josh Crosby,Oakland Athletics,6,1,1,3,3,0,0,0,0,-0.4642,0,0,9.0,0,0,2,1,2,2,0,0,1,0,1,0,1,0,0,,47667,Carlos Pinto,New York (N) Mets,7,4,2,5,0,5,0,0,0,0.0036,0,0,22.0,0,0,5,5,0,0,0,0,0,0,1,0,2,0,-0.0996,,47050,Jamie Boldin,Cleveland Guardians,8,1,1,4,0,4,0,0,0,-0.0665,0,0,8.0,0,0,4,4,0,0,0,0,1,0,0,0,0,0,-0.0026,,51091,Kurt Melvin,Oakland Athletics,9,3,2,5,0,5,0,0,0,-0.0075,0,0,21.0,0,0,3,3,2,2,1,0,0,0,1,0,1,0,-0.1153
,,,,,,,,,,,,,,,,,,,,,,,,,,,,,,,,50232,Danny Altreche,Detroit Tigers,3,5,1,8,0,8,0,0,0,0.0374,0,0,14.1,0,0,3,3,0,0,0,0,0,0,0,0,0,0,0,,31186,Alex Lobato,San Francisco Giants,4,1,1,6,3,3,0,0,0,0.1253,0,0,9.0,0,0,4,4,2,1,0,0,1,1,0,0,0,0,0,,44385,Will Hamilton,Houston Astros,5,1,1,4,3,1,0,0,0,-0.3938,0,0,9.0,0,0,4,3,1,1,0,0,0,0,0,0,0,0,0,,51025,Justin Markum,Baltimore Orioles,6,1,1,3,2,1,0,1,0,-0.9389,0,0,9.0,0,0,4,3,0,0,1,0,1,0,0,0,1,0,0,,24208,Remo Carone,Baltimore Orioles,7,4,2,3,0,3,0,0,0,0.018,0,0,21.0,0,0,3,3,0,0,0,0,0,0,0,0,2,0,-0.0047,,50957,Jarod Jeffries,Miami Marlins,8,1,1,2,0,2,0,0,0,-0.0715,0,0,8.0,0,0,2,2,0,0,0,0,1,0,0,0,0,0,0.6207,,53374,Gijsbert Cuypers,Chicago (A) White Sox,9,4,2,5,0,5,0,0,0,0.055,0,0,20.1,0,0,4,4,1,1,0,0,0,0,2,0,2,0,-0.0201
,,,,,,,,,,,,,,,,,,,,,,,,,,,,,,,,30037,Jon Burns,Colorado Rockies,3,2,1,11,4,7,0,0,0,0.2174,0,0,13.0,0,0,2,2,2,2,1,1,0,0,0,0,0,0,0,,37736,Mike Cabral,Boston Red Sox,4,1,1,2,1,1,0,0,0,0.0882,0,0,9.0,0,0,1,1,1,1,0,0,0,0,0,0,0,0,0,,44681,Emilio Medina,Colorado Rockies,5,1,1,3,1,2,0,0,0,0.0723,0,0,9.0,0,0,3,3,0,0,0,0,0,0,0,0,0,0,0,,52292,Sam Ballard,Texas Rangers,6,1,1,3,2,1,0,1,0,0.1683,0,0,9.0,0,0,0,0,0,0,0,0,1,1,0,0,0,0,0,,50550,Jason Spann,Detroit Tigers,7,3,2,7,0,5,2,0,0,-0.6222,0,0,19.0,0,0,4,3,2,1,0,0,1,1,1,0,1,0,0.0571,,35568,Vinny Rosa,Houston Astros,8,1,1,1,0,1,0,0,0,0.0025,0,0,7.0,0,0,1,1,0,0,0,0,0,0,0,0,1,0,-0.0016,,34450,Mike Alessandro,Toronto Blue Jays,9,3,1,3,0,3,0,0,0,-0.1588,0,0,19.0,0,0,3,3,0,0,1,0,0,0,0,0,4,0,0.0504
,,,,,,,,,,,,,,,,,,,,,,,,,,,,,,,,38545,T.J. Lee,Atlanta Braves,3,3,1,8,0,8,0,4,0,-0.2975,0,0,12.0,0,0,0,0,1,0,0,0,0,0,1,0,0,0,0,,38073,Mike Bunn,Chicago (A) White Sox,4,1,1,2,2,0,0,0,0,0.0391,0,0,9.0,0,0,2,2,0,0,0,0,0,0,0,0,0,0,0,,48761,Fred Heinke,New York (N) Mets,5,1,1,4,3,1,0,1,0,0.12,0,0,9.0,0,0,4,4,0,0,0,0,0,0,0,0,0,0,0,,46978,Mel Ortiz,Pittsburgh Pirates,6,2,0,2,0,1,1,0,0,-0.6516,0,0,8.0,0,0,2,1,0,0,1,0,0,0,1,0,1,0,0,,53678,Gabriel Portillo,San Diego Padres,7,3,2,2,0,2,0,0,0,-0.179,0,0,19.0,0,0,2,2,0,0,0,0,2,0,1,0,0,0,-0.2556,,50777,Tyler Pellechio,New York (N) Mets,8,4,0,2,0,2,0,0,0,0.1872,0,0,7.0,0,0,1,1,0,0,1,1,0,0,0,0,0,0,-0.0003,,49110,Garrett Baker,Pittsburgh Pirates,9,4,2,7,0,7,0,0,0,0.2762,0,0,19.0,0,0,6,6,0,0,0,0,1,1,1,0,0,0,0.0607
,,,,,,,,,,,,,,,,,,,,,,,,,,,,,,,,52079,Dan Maez,Detroit Tigers,3,3,1,13,2,11,0,1,0,-0.5451,0,0,12.0,0,0,3,2,0,0,0,0,0,0,0,0,1,0,0,,41945,Antonio Vento,Chicago (N) Cubs,4,1,1,4,2,2,0,1,0,-0.0769,0,0,9.0,0,0,1,1,0,0,0,0,1,0,0,0,0,0,0,,50277,Tony Pina,Toronto Blue Jays,5,1,1,4,4,0,0,0,0,-0.0853,0,0,9.0,0,0,4,4,1,0,0,0,0,0,0,0,0,0,0,,52427,Sean Powell,Philadelphia Phillies,6,3,0,3,0,3,0,0,0,-0.4736,0,0,8.0,0,0,3,2,0,0,0,0,0,0,0,0,0,0,0,,50583,Pat Bernstein,Miami Marlins,7,2,2,3,1,2,0,0,0,-0.3752,0,0,18.0,0,0,2,2,0,0,0,0,0,0,1,0,2,0,0.4112,,50867,Jeremy Turner,Seattle Mariners,8,3,0,3,0,2,1,0,0,-0.885,0,0,7.0,0,0,3,2,0,0,1,0,0,0,0,0,0,0,-0.0018,,51077,Mark McDermott,Boston Red Sox,9,3,2,10,0,10,0,0,0,0.3253,0,0,19.0,0,0,8,8,0,0,2,1,1,1,0,0,2,0,0.0079
,,,,,,,,,,,,,,,,,,,,,,,,,,,,,,,,46595,Eddie Couch,Kansas City Royals,3,2,1,15,4,11,0,0,0,0.1988,0,0,11.0,0,0,5,5,3,3,0,0,0,0,0,0,0,0,0,,46077,Tim Brouillet,New York (N) Mets,4,1,1,2,1,1,0,0,0,0.0329,0,0,9.0,0,0,2,2,0,0,0,0,0,0,0,0,1,0,0,,50603,Rich Folks,New York (N) Mets,5,1,1,0,0,0,0,0,0,0,0,0,9.0,0,0,0,0,0,0,0,0,0,0,0,0,0,0,0,,52445,Chance Robinson,Cincinnati Reds,6,1,1,0,0,0,0,0,0,-0.1065,0,0,8.0,0,0,0,0,0,0,0,0,1,0,0,0,0,0,0,,50246,Mario Gutierrez,Los Angeles (N) Dodgers,7,4,2,0,0,0,0,0,0,0,0,0,17.2,0,0,0,0,0,0,0,0,0,0,0,0,1,0,-0.0008,,49802,Brad James,Minnesota Twins,8,4,0,2,0,2,0,0,0,-0.1659,0,0,6.1,0,0,2,2,0,0,1,0,0,0,0,0,0,0,-0.0004,,53029,Ryan Adcock,Los Angeles (N) Dodgers,9,2,2,1,0,1,0,0,0,-0.019,0,0,19.0,0,0,1,1,0,0,0,0,0,0,1,0,2,0,0.1845
,,,,,,,,,,,,,,,,,,,,,,,,,,,,,,,,55080,Ray Longworth,Milwaukee Brewers,3,4,0,7,1,6,0,0,0,0.0436,0,0,10.2,0,0,3,3,0,0,0,0,0,0,0,0,0,0,0,,48418,Jon Ramirez,New York (A) Yankees,4,1,1,4,2,1,1,0,0,-0.4606,0,0,9.0,0,0,2,1,0,0,1,0,1,1,0,0,0,0,0,,50805,Erik White,Oakland Athletics,5,1,1,4,4,0,0,1,0,0.1342,0,0,9.0,0,0,4,4,0,0,0,0,0,0,0,0,0,0,0,,52137,Manny Medina,Detroit Tigers,6,2,0,3,1,2,0,2,0,-0.4598,0,0,6.1,0,0,3,2,0,0,0,0,0,0,0,0,0,0,0,,52671,Adam Lussow,Colorado Rockies,7,3,2,5,0,5,0,0,0,-0.8648,0,0,17.1,0,0,5,5,2,0,0,0,0,0,0,0,1,0,-0.0081,,52112,Danny Cortez,Los Angeles (A) Angels,8,1,0,1,0,1,0,0,0,-0.093,0,0,6.0,0,0,0,0,1,1,1,0,0,0,0,0,0,0,-0.0266,,61111,Goushi Kameda,San Diego Padres,9,2,2,3,0,3,0,0,0,-0.7448,0,0,19.0,0,0,3,3,1,0,2,0,1,0,3,0,1,0,-0.0619
,,,,,,,,,,,,,,,,,,,,,,,,,,,,,,,,49734,Aaron Bailey,Boston Red Sox,3,6,0,7,0,7,0,0,0,-0.5521,0,0,10.0,0,0,0,0,1,0,0,0,0,0,0,0,0,0,0,,48693,Jose Alarcon,Atlanta Braves,4,1,1,3,2,1,0,0,0,0.0148,0,0,9.0,0,0,1,1,2,1,1,1,0,0,0,0,0,0,0,,50927,Jared Ledbetter,Cleveland Guardians,5,1,1,4,3,0,1,0,0,-1.0237,0,0,9.0,0,0,5,3,0,0,0,0,0,0,0,0,0,0,0,,50908,Stéphane Bouet,Toronto Blue Jays,6,1,1,1,1,0,0,0,0,0.0299,0,0,5.0,0,0,1,1,0,0,0,0,0,0,0,0,0,0,0,,27076,Ryan Emerson,Houston Astros,7,2,2,3,0,3,0,0,0,-0.2158,0,0,17.0,0,0,2,2,2,1,0,0,0,0,2,0,1,0,0.5212,,48796,Nick Fisher,Los Angeles (A) Angels,8,1,1,2,0,2,0,0,0,-0.5267,0,0,5.0,0,0,2,1,0,0,1,1,0,0,0,0,0,0,-0.0062,,46362,Roberto Quijada,Washington Nationals,9,2,2,2,0,1,1,0,0,-0.6013,0,0,18.0,0,0,1,1,0,0,0,0,3,0,0,0,2,0,-0.0029
,,,,,,,,,,,,,,,,,,,,,,,,,,,,,,,,50538,Herb Bibiano,Minnesota Twins,3,6,0,11,0,11,0,0,0,0.0594,0,0,9.2,0,0,1,1,1,1,0,0,0,0,0,0,0,0,0,,49053,Steve Aaker,Pittsburgh Pirates,4,3,0,0,0,0,0,0,0,0,0,0,9.0,0,0,0,0,0,0,0,0,0,0,0,0,0,0,0,,50999,Casey Clapp,Colorado Rockies,5,1,1,6,2,2,2,0,0,-1.504,0,0,9.0,0,0,6,4,1,0,0,0,0,0,0,0,1,0,0,,52541,Coby Houghton,Chicago (A) White Sox,6,1,0,1,1,0,0,0,0,0.0299,0,0,5.0,0,0,1,1,0,0,0,0,0,0,0,0,0,0,0,,47904,Paul Barnhart,Houston Astros,7,4,0,1,0,1,0,0,0,0.0656,0,0,17.0,0,0,0,0,1,1,0,0,0,0,1,0,0,0,-0.0016,,48978,Jake Lawson,Texas Rangers,8,4,0,0,0,0,0,0,0,0,0,0,5.0,0,0,0,0,0,0,0,0,0,0,0,0,0,0,-0.0007,,50264,Alejandro Gomez,Tampa Bay Rays,9,3,2,2,0,2,0,0,0,0.2569,0,0,18.0,0,0,1,1,0,0,0,0,1,1,1,0,1,0,0.0311
,,,,,,,,,,,,,,,,,,,,,,,,,,,,,,,,44796,Carlos Zarate,Baltimore Orioles,3,1,1,12,0,11,1,1,0,-0.5293,0,0,9.0,0,0,1,1,1,0,0,0,0,0,0,0,0,0,0,,52127,Alex Pacheco,Philadelphia Phillies,4,1,1,9,5,4,0,3,0,0.2232,0,0,9.0,0,0,3,3,0,0,0,0,1,1,0,0,1,0,0,,51036,Paul Saxby,Houston Astros,5,1,1,1,1,0,0,0,0,-0.6133,0,0,9.0,0,0,2,1,0,0,0,0,1,0,0,0,1,0,0,,44694,Bobby Zarate,New York (N) Mets,6,2,0,1,0,1,0,0,0,0,0,0,4.0,0,0,0,0,0,0,0,0,0,0,0,0,0,0,0,,50783,Josh Carrillo,Colorado Rockies,7,8,0,2,0,2,0,0,0,-0.41579999999999995,0,0,17.0,0,0,1,1,2,1,0,0,3,0,0,0,1,0,0.42010000000000003,,50227,Moises Loza,Tampa Bay Rays,8,1,0,0,0,0,0,0,0,0,0,0,5.0,0,0,0,0,0,0,0,0,0,0,0,0,1,0,-0.1132,,50941,Tom Sams,St. Louis Cardinals,9,2,2,3,0,3,0,0,0,0.0708,0,0,18.0,0,0,2,2,1,1,0,0,0,0,1,0,1,0,0.0639
,,,,,,,,,,,,,,,,,,,,,,,,,,,,,,,,47654,Joe Bittar,New York (N) Mets,3,1,1,7,0,7,0,0,0,-0.1749,0,0,9.0,0,0,2,2,0,0,1,0,0,0,0,0,0,0,0,,52535,Matt Skupien,Texas Rangers,4,1,1,4,3,1,0,0,0,-0.0763,0,0,9.0,0,0,4,4,0,0,1,0,0,0,0,0,0,0,0,,52531,Nate Larson,Kansas City Royals,5,1,1,0,0,0,0,0,0,0,0,0,9.0,0,0,0,0,0,0,0,0,0,0,0,0,3,0,0,,50284,Alex Escobar,Kansas City Royals,6,2,0,1,1,0,0,1,0,0.0299,0,0,4.0,0,0,1,1,0,0,0,0,0,0,0,0,0,0,0,,51056,Eric DeVore,St. Louis Cardinals,7,6,1,2,0,2,0,0,0,-0.3373,0,0,17.0,0,0,2,2,1,0,0,0,1,0,0,0,2,0,-0.0846,,51604,Greg Medema,Kansas City Royals,8,3,0,2,0,2,0,0,0,0.005,0,0,5.0,0,0,2,2,0,0,0,0,0,0,0,0,1,0,-0.0004,,51585,Steve Rerucha,Tampa Bay Rays,9,2,2,5,0,5,0,0,0,-0.0065,0,0,18.0,0,0,5,5,0,0,0,0,0,0,1,0,1,0,-0.004
,,,,,,,,,,,,,,,,,,,,,,,,,,,,,,,,48378,Montes Gomez,Toronto Blue Jays,3,1,1,5,0,5,0,1,0,0.0166,0,0,9.0,0,0,1,1,0,0,0,0,0,0,0,0,0,0,0,,52891,Stanford Tiller,Oakland Athletics,4,7,0,2,0,2,0,0,0,0,0,0,9.0,0,0,0,0,0,0,0,0,0,0,0,0,0,0,0,,53284,Eric Cimini,Tampa Bay Rays,5,1,1,2,1,1,0,0,0,0.0529,0,0,9.0,0,0,2,2,0,0,0,0,0,0,0,0,0,0,0,,50909,Kurt Dunwell,Seattle Mariners,6,1,0,2,2,0,0,0,0,0.0257,0,0,4.0,0,0,2,2,0,0,0,0,0,0,1,0,0,0,0,,21548,Cesar Rivera,Milwaukee Brewers,7,4,1,3,0,3,0,0,0,0.018,0,0,16.1,0,0,3,3,0,0,0,0,0,0,0,0,2,0,0.0034,,53374,Gijsbert Cuypers,Chicago (A) White Sox,8,1,0,1,0,1,0,0,0,0.0025,0,0,5.0,0,0,1,1,0,0,0,0,0,0,0,0,0,0,-0.0005,,52074,Jaime Guzman,Atlanta Braves,9,2,2,3,0,3,0,0,0,-0.2621,0,0,18.0,0,0,3,3,0,0,1,0,1,0,1,0,2,0,0.252
,,,,,,,,,,,,,,,,,,,,,,,,,,,,,,,,52427,Sean Powell,Philadelphia Phillies,3,5,0,5,0,4,1,0,0,-0.5617,0,0,8.1,0,0,2,1,0,0,0,0,0,0,0,0,0,0,0,,37580,Cody Addeo,Washington Nationals,4,1,1,0,0,0,0,0,0,-0.1924,0,0,8.0,0,0,0,0,1,0,0,0,0,0,0,0,0,0,0,,53698,Lazaro Gamboa,Los Angeles (N) Dodgers,5,1,1,4,3,0,1,1,0,-0.4544,0,0,9.0,0,0,4,3,0,0,0,0,0,0,0,0,1,0,0,,24357,Bob Vega,Colorado Rockies,6,1,0,0,0,0,0,0,0,0,0,0,3.0,0,0,0,0,0,0,0,0,0,0,0,0,0,0,0,,21799,Alfredo Morandi,Cincinnati Reds,7,6,0,1,0,1,0,0,0,-0.163,0,0,15.1,0,0,1,1,0,0,1,0,0,0,0,0,2,0,-0.1584,,55202,Bryan Knick,New York (A) Yankees,8,5,0,2,0,2,0,0,0,-0.1659,0,0,5.0,0,0,2,2,0,0,1,0,0,0,0,0,0,0,-0.0006,,47878,Edison Sandwell,Cleveland Guardians,9,2,2,2,0,2,0,0,0,0.0898,0,0,16.0,0,0,1,1,1,1,0,0,0,0,0,0,3,0,-0.0297
,,,,,,,,,,,,,,,,,,,,,,,,,,,,,,,,50914,Greg Williams,San Francisco Giants,3,1,1,5,0,5,0,0,0,0.0104,0,0,8.0,0,0,1,1,0,0,0,0,0,0,0,0,0,0,0,,38216,Matt Shoemaker,Oakland Athletics,4,4,0,6,2,4,0,1,0,0.1273,0,0,8.0,0,0,3,3,1,1,0,0,0,0,0,0,0,0,0,,58368,Ryan Johnston,San Francisco Giants,5,1,1,4,1,2,1,0,0,-0.4828,0,0,9.0,0,0,4,3,0,0,0,0,0,0,0,0,0,0,0,,45833,Orlando Ortiz,San Francisco Giants,6,1,0,0,0,0,0,0,0,-0.0342,0,0,3.0,0,0,0,0,0,0,0,0,0,0,1,0,0,0,0,,47647,Rich Moore,Arizona Diamondbacks,7,9,0,4,0,4,0,0,0,-0.0583,0,0,14.2,0,0,4,4,0,0,0,0,1,0,0,0,0,0,-0.0228,,35077,Fergus Anderson,Philadelphia Phillies,8,1,0,0,0,0,0,0,0,-0.2777,0,0,4.0,0,0,0,0,1,0,0,0,0,0,0,0,0,0,0.003,,48793,Matt Rosellini,San Diego Padres,9,7,1,1,0,1,0,0,0,-0.3335,0,0,15.0,0,0,1,1,1,0,0,0,0,0,3,0,2,0,-0.0346
,,,,,,,,,,,,,,,,,,,,,,,,,,,,,,,,52074,Jaime Guzman,Atlanta Braves,3,1,1,11,1,10,0,0,0,0.0594,0,0,8.0,0,0,1,1,1,1,0,0,0,0,0,0,0,0,0,,47445,Jeremy Webb,0,4,6,0,3,1,2,0,0,0,0.0492,0,0,8.0,0,0,2,2,0,0,1,1,1,0,0,0,0,0,0,,61111,Goushi Kameda,San Diego Padres,5,1,1,4,4,0,0,0,0,0.1342,0,0,9.0,0,0,4,4,0,0,0,0,0,0,0,0,0,0,0,,46037,Vic Entz,Toronto Blue Jays,6,1,0,1,1,0,0,0,0,0,0,0,3.0,0,0,0,0,0,0,0,0,0,0,0,0,0,0,0,,24790,Jeff Taylor,New York (A) Yankees,7,5,0,2,0,2,0,0,0,0.2564,0,0,13.2,0,0,1,1,0,0,0,0,1,1,1,0,3,0,-0.147,,52021,Danny Ricardo,San Francisco Giants,8,2,0,1,0,1,0,0,0,0.0025,0,0,4.0,0,0,1,1,0,0,0,0,0,0,0,0,0,0,-0.0014,,51263,Matt Burland,San Francisco Giants,9,4,1,3,0,3,0,0,0,-0.0127,0,0,15.0,0,0,3,3,0,0,0,0,0,0,1,0,1,0,-0.0188
,,,,,,,,,,,,,,,,,,,,,,,,,,,,,,,,52763,ID 52763,Miami Marlins,3,1,1,8,0,8,0,1,0,0.0428,0,0,8.0,0,0,0,0,1,1,0,0,0,0,0,0,0,0,0,,52343,Mike Tharpe,Texas Rangers,4,1,1,2,1,1,0,1,0,0.0195,0,0,8.0,0,0,1,1,0,0,0,0,0,0,0,0,0,0,0,,46704,Dan Whitman,Boston Red Sox,5,1,1,0,0,0,0,0,0,-0.5693,0,0,8.0,0,0,1,0,0,0,0,0,0,0,0,0,0,0,0,,46930,Ruben Penedo,Chicago (N) Cubs,6,1,0,1,1,0,0,0,0,0.0299,0,0,3.0,0,0,1,1,0,0,0,0,0,0,0,0,0,0,0,,47026,Michael Medina,Pittsburgh Pirates,7,2,2,1,0,1,0,0,0,-0.261,0,0,13.0,0,0,1,1,1,0,0,0,0,0,0,0,1,0,-0.0221,,46363,David Maynard,San Francisco Giants,8,1,0,1,0,1,0,0,0,0.0025,0,0,3.0,0,0,1,1,0,0,0,0,0,0,0,0,0,0,-0.0755,,48761,Fred Heinke,New York (N) Mets,9,7,0,1,0,1,0,0,0,-0.0411,0,0,12.1,0,0,1,1,0,0,0,0,0,0,2,0,1,0,0.072
,,,,,,,,,,,,,,,,,,,,,,,,,,,,,,,,31667,David Lodovico,Detroit Tigers,3,1,0,4,1,3,0,0,0,0.0332,0,0,7.0,0,0,2,2,0,0,0,0,0,0,0,0,0,0,0,,50661,Roland Little,Los Angeles (A) Angels,4,1,1,2,0,2,0,0,0,0.0543,0,0,7.0,0,0,1,1,1,1,0,0,0,0,1,0,1,0,0,,49633,Nate Roszkowski,Washington Nationals,5,1,1,5,3,1,1,0,0,-0.8914,0,0,8.0,0,0,5,4,0,0,1,0,0,0,0,0,0,0,0,,50819,John Rios,San Francisco Giants,6,1,0,1,1,0,0,0,0,0.0763,0,0,3.0,0,0,0,0,1,1,0,0,0,0,0,0,1,0,0,,48693,Jose Alarcon,Atlanta Braves,7,4,1,2,0,2,0,0,0,-0.3411,0,0,13.0,0,0,3,2,0,0,0,0,0,0,0,0,2,0,-0.0153,,48762,Jimmy Marcus,Boston Red Sox,8,2,0,0,0,0,0,0,0,-0.0186,0,0,3.0,0,0,0,0,0,0,0,0,0,0,1,0,1,0,-0.0014,,49815,Al Cormier,Cleveland Guardians,9,1,1,2,0,2,0,0,0,0.0086,0,0,12.0,0,0,1,1,1,1,0,0,1,0,0,0,2,0,-0.0009
,,,,,,,,,,,,,,,,,,,,,,,,,,,,,,,,49023,Shawn Burt,Chicago (A) White Sox,3,1,1,8,1,7,0,0,0,-0.0282,0,0,7.0,0,0,4,4,0,0,0,0,1,0,0,0,0,0,0,,53810,Henry Salinas,Los Angeles (N) Dodgers,4,1,0,1,1,0,0,1,0,-0.1728,0,0,7.0,0,0,1,1,1,0,0,0,0,0,0,0,1,0,0,,52294,Chance Dillon,New York (N) Mets,5,1,1,5,4,1,0,1,0,0.047,0,0,8.0,0,0,4,4,1,1,1,0,0,0,0,0,0,0,0,,51019,Jim Zellers,Chicago (A) White Sox,6,1,0,1,0,1,0,0,0,0,0,0,3.0,0,0,0,0,0,0,0,0,0,0,0,0,0,0,0,,47608,Nolan Lee,Miami Marlins,7,2,1,2,0,2,0,0,0,0.0158,0,0,12.0,0,0,1,1,1,1,0,0,1,0,0,0,0,0,-0.0229,,50823,Jody Ball,Toronto Blue Jays,8,3,0,1,0,1,0,0,0,0.2791,0,0,3.0,0,0,0,0,0,0,0,0,1,1,0,0,3,0,-0.0006,,21200,Edwin Curiel,Houston Astros,9,4,0,2,0,2,0,0,0,-0.7085,0,0,10.0,0,0,3,2,0,0,0,0,0,0,0,0,2,0,0.0103
,,,,,,,,,,,,,,,,,,,,,,,,,,,,,,,,49224,Geoff Hedrick,New York (N) Mets,3,3,0,1,0,1,0,0,0,-0.0946,0,0,7.0,0,0,0,0,0,0,0,0,1,0,0,0,0,0,0,,47888,Ben Mishoe,Pittsburgh Pirates,4,1,1,1,0,1,0,0,0,-0.1924,0,0,6.0,0,0,0,0,1,0,0,0,0,0,0,0,0,0,0,,42606,William Gonzales,0,5,4,0,4,3,1,0,0,0,0.233,0,0,7.0,0,0,3,3,0,0,1,1,0,0,0,0,0,0,0,,52905,Antonio Figueroa,New York (A) Yankees,6,1,0,0,0,0,0,0,0,0,0,0,3.0,0,0,0,0,0,0,0,0,0,0,0,0,0,0,0,,35593,Phil Harris,Milwaukee Brewers,7,4,0,2,0,2,0,0,0,-0.0703,0,0,11.0,0,0,2,2,0,0,0,0,1,0,0,0,1,0,0.0118,,24790,Jeff Taylor,New York (A) Yankees,8,2,0,1,0,1,0,0,0,0.0025,0,0,2.0,0,0,1,1,0,0,0,0,0,0,0,0,0,0,-0.0008,,46444,Danny Romero,Toronto Blue Jays,9,2,1,3,0,3,0,0,0,0.7856,0,0,10.0,0,0,1,1,1,1,0,0,0,0,1,1,1,0,-0.0046
,,,,,,,,,,,,,,,,,,,,,,,,,,,,,,,,52678,John Daube,Houston Astros,3,1,0,3,0,3,0,0,0,0,0,0,7.0,0,0,0,0,0,0,0,0,0,0,0,0,0,0,0,,52468,Jay Lotts,0,4,6,0,0,0,0,0,0,0,0,0,0,6.0,0,0,0,0,0,0,0,0,0,0,0,0,0,0,0,,52004,Ramon Colocho,San Francisco Giants,5,2,1,3,3,0,0,0,0,0.1561,0,0,7.0,0,0,2,2,1,1,0,0,0,0,0,0,0,0,0,,27076,Ryan Emerson,Houston Astros,6,1,0,2,2,0,0,1,0,0.0599,0,0,2.1,0,0,2,2,0,0,0,0,0,0,0,0,0,0,0,,52555,Matt Hogan,Los Angeles (N) Dodgers,7,2,1,4,0,4,0,0,0,0.024,0,0,11.0,0,0,4,4,0,0,0,0,0,0,0,0,0,0,-0.0042,,35576,Melvin Munoz,Colorado Rockies,8,2,0,1,0,1,0,0,0,0.0025,0,0,2.0,0,0,1,1,0,0,0,0,0,0,0,0,2,0,-0.0176,,50780,Pat Singer,St. Louis Cardinals,9,2,1,3,1,2,0,0,0,-0.0159,0,0,10.0,0,0,2,2,0,0,0,0,0,0,1,0,0,0,0.4869
,,,,,,,,,,,,,,,,,,,,,,,,,,,,,,,,50783,Josh Carrillo,Colorado Rockies,3,2,0,4,0,4,0,0,0,0,0,0,6.1,0,0,0,0,0,0,0,0,0,0,0,0,0,0,0,,45995,Luis Ruiz,Chicago (N) Cubs,4,2,0,0,0,0,0,0,0,-0.3575,0,0,5.2,0,0,0,0,0,0,0,0,1,0,0,0,0,0,0,,54515,Greg Ramos,Houston Astros,5,2,0,0,0,0,0,0,0,0,0,0,5.0,0,0,0,0,0,0,0,0,0,0,0,0,0,0,0,,48796,Nick Fisher,Los Angeles (A) Angels,6,1,0,1,0,1,0,0,0,0,0,0,2.0,0,0,0,0,0,0,0,0,0,0,0,0,0,0,0,,50814,John Drone,New York (N) Mets,7,2,1,1,0,1,0,0,0,0.006,0,0,10.0,0,0,1,1,0,0,0,0,0,0,0,0,1,0,-0.0009,,42173,Cesar Rubio,Oakland Athletics,8,1,0,1,0,1,0,0,0,0.0025,0,0,2.0,0,0,1,1,0,0,0,0,0,0,0,0,0,0,0.0008,,50957,Jarod Jeffries,Miami Marlins,9,3,1,3,0,3,0,0,0,-0.4327,0,0,10.0,0,0,3,2,0,0,0,0,1,1,0,0,0,0,-0.0022
,,,,,,,,,,,,,,,,,,,,,,,,,,,,,,,,51167,Angel Ortiz,Chicago (A) White Sox,3,1,1,3,0,3,0,0,0,0,0,0,6.0,0,0,0,0,0,0,0,0,0,0,0,0,0,0,0,,51263,Matt Burland,San Francisco Giants,4,1,0,3,2,1,0,1,0,0.0195,0,0,5.2,0,0,1,1,0,0,0,0,0,0,0,0,0,0,0,,52891,Stanford Tiller,Oakland Athletics,5,2,0,2,2,0,0,0,0,0.0671,0,0,4.1,0,0,2,2,0,0,0,0,0,0,0,0,0,0,0,,50237,Victor Villalobos,Seattle Mariners,6,2,0,0,0,0,0,0,0,0,0,0,2.0,0,0,0,0,0,0,0,0,0,0,0,0,0,0,0,,33222,Orlando Gonzales,San Diego Padres,7,1,1,5,0,5,0,0,0,-0.1406,0,0,9.0,0,0,4,4,0,0,0,0,2,1,0,0,0,0,-0.0035,,50274,Alex Canales,Oakland Athletics,8,1,0,1,0,1,0,0,0,0.0779,0,0,2.0,0,0,0,0,1,1,0,0,0,0,0,0,0,0,-0.0009,,53049,Matt Jabs,Arizona Diamondbacks,9,1,0,3,0,3,0,0,0,-0.0542,0,0,9.1,0,0,2,2,0,0,2,0,1,1,0,0,0,0,-0.1298
,,,,,,,,,,,,,,,,,,,,,,,,,,,,,,,,50251,Lançarote Freitas,Boston Red Sox,3,2,0,3,0,3,0,1,0,0,0,0,5.0,0,0,0,0,0,0,0,0,0,0,0,0,0,0,0,,26457,Cameron Mahar,San Diego Padres,4,4,0,2,2,0,0,0,0,-0.2086,0,0,4.1,0,0,3,2,0,0,0,0,0,0,0,0,1,0,0,,30310,Craig McAllister,Detroit Tigers,5,3,0,0,0,0,0,0,0,0,0,0,4.0,0,0,0,0,0,0,0,0,0,0,0,0,0,0,0,,52531,Nate Larson,Kansas City Royals,6,1,0,1,1,0,0,0,0,0.0763,0,0,2.0,0,0,0,0,1,1,0,0,0,0,0,0,0,0,0,,46866,Steve Bennett,Toronto Blue Jays,7,1,1,1,0,1,0,0,0,-0.0204,0,0,9.0,0,0,1,1,0,0,0,0,0,0,1,0,2,0,-0.0113,,56396,Roberto Orozco,New York (A) Yankees,8,1,0,0,0,0,0,0,0,0,0,0,2.0,0,0,0,0,0,0,0,0,0,0,0,0,0,0,-0.0001,,44734,Jose Ceballos,Atlanta Braves,9,1,1,1,0,1,0,0,0,0.0031,0,0,9.0,0,0,1,1,0,0,0,0,0,0,0,0,4,0,0.0695
,,,,,,,,,,,,,,,,,,,,,,,,,,,,,,,,50262,Gerardo Bernal,Chicago (A) White Sox,3,1,0,6,1,5,0,1,0,0.0594,0,0,5.0,0,0,1,1,1,1,0,0,0,0,0,0,0,0,0,,44709,Marciano Ruelas,Chicago (A) White Sox,4,1,0,2,1,1,0,1,0,0,0,0,4.0,0,0,0,0,0,0,0,0,0,0,0,0,0,0,0,,23282,Jeremy Massena,San Diego Padres,5,2,0,0,0,0,0,0,0,0,0,0,3.0,0,0,0,0,0,0,0,0,0,0,0,0,0,0,0,,47700,Luke Ziegler,Baltimore Orioles,6,1,0,0,0,0,0,0,0,0,0,0,1.0,0,0,0,0,0,0,0,0,0,0,0,0,0,0,0,,47413,Marty McIver,Baltimore Orioles,7,1,1,1,0,1,0,0,0,-0.7908,0,0,9.0,0,0,1,1,1,0,1,0,0,0,0,0,1,0,0.483,,35593,Phil Harris,Milwaukee Brewers,8,1,0,2,0,2,0,0,0,0.0804,0,0,1.0,0,0,1,1,1,1,0,0,0,0,0,0,0,0,0.0145,,44772,Carlos Ursua,Washington Nationals,9,1,1,1,0,1,0,0,0,-0.0815,0,0,9.0,0,0,0,0,1,1,1,0,0,0,0,0,0,0,0.2883
,,,,,,,,,,,,,,,,,,,,,,,,,,,,,,,,49124,Dylan Hazlett,St. Louis Cardinals,3,2,0,5,0,5,0,0,0,0,0,0,4.0,0,0,0,0,0,0,0,0,0,0,0,0,0,0,0,,51620,Tom Daher,Oakland Athletics,4,1,0,1,1,0,0,0,0,0.0195,0,0,4.0,0,0,1,1,0,0,0,0,0,0,0,0,0,0,0,,48762,Jimmy Marcus,Boston Red Sox,5,1,0,1,1,0,0,0,0,0.0336,0,0,3.0,0,0,1,1,0,0,0,0,0,0,0,0,0,0,0,,50984,Bob Wolfe,Detroit Tigers,6,1,0,0,0,0,0,0,0,0,0,0,1.0,0,0,0,0,0,0,0,0,0,0,0,0,0,0,0,,48988,Don Koch,New York (N) Mets,7,1,1,1,0,1,0,0,0,-0.0469,0,0,9.0,0,0,1,1,0,0,0,0,0,0,2,0,0,0,-0.0111,,49639,Corey Hayward,New York (A) Yankees,8,1,0,0,0,0,0,0,0,0,0,0,1.0,0,0,0,0,0,0,0,0,0,0,0,0,0,0,-0.0005,,48693,Jose Alarcon,Atlanta Braves,9,1,1,2,0,2,0,0,0,-0.517,0,0,9.0,0,0,2,2,0,0,0,0,2,0,0,0,0,0,0.2728
,,,,,,,,,,,,,,,,,,,,,,,,,,,,,,,,50237,Victor Villalobos,Seattle Mariners,3,1,0,5,0,5,0,0,0,0,0,0,4.0,0,0,0,0,0,0,0,0,0,0,0,0,0,0,0,,55238,Chris Bond,New York (N) Mets,4,2,0,0,0,0,0,0,0,0,0,0,4.0,0,0,0,0,0,0,0,0,0,0,0,0,0,0,0,,50262,Gerardo Bernal,Chicago (A) White Sox,5,1,0,0,0,0,0,0,0,-0.0776,0,0,3.0,0,0,0,0,0,0,0,0,1,0,0,0,0,0,0,,51056,Eric DeVore,St. Louis Cardinals,6,1,0,0,0,0,0,0,0,0,0,0,1.0,0,0,0,0,0,0,0,0,0,0,0,0,0,0,0,,52503,Josh Behrens,Kansas City Royals,7,1,1,1,0,1,0,0,0,-1.1439,0,0,9.0,0,0,2,1,1,0,1,0,0,0,0,0,0,0,-0.0035,,49835,Zach Schuhmann,Boston Red Sox,8,1,0,0,0,0,0,0,0,-0.6385,0,0,1.0,0,0,0,0,1,0,0,0,0,0,0,0,1,0,0,,51316,Brian Roberti,Chicago (A) White Sox,9,1,1,5,0,5,0,0,0,0.0771,0,0,9.0,0,0,4,4,1,1,0,0,0,0,1,0,2,0,-0.0007
,,,,,,,,,,,,,,,,,,,,,,,,,,,,,,,,50401,Keith Parks,Pittsburgh Pirates,3,3,0,3,0,3,0,0,0,0,0,0,4.0,0,0,0,0,0,0,0,0,0,0,0,0,1,0,0,,50616,Ken Schultz,Houston Astros,4,2,1,2,2,0,0,0,0,0.0391,0,0,3.2,0,0,2,2,0,0,0,0,0,0,0,0,0,0,0,,50527,Ryan Witsman,Kansas City Royals,5,2,0,0,0,0,0,0,0,0,0,0,3.0,0,0,0,0,0,0,0,0,0,0,0,0,0,0,0,,51620,Tom Daher,Oakland Athletics,6,1,0,0,0,0,0,0,0,0,0,0,1.0,0,0,0,0,0,0,0,0,0,0,0,0,0,0,0,,50406,Tyler Judd,Houston Astros,7,1,1,1,0,1,0,0,0,0.006,0,0,8.0,0,0,1,1,0,0,0,0,0,0,0,0,0,0,-0.0004,,50780,Pat Singer,St. Louis Cardinals,8,1,0,0,0,0,0,0,0,0,0,0,1.0,0,0,0,0,0,0,0,0,0,0,0,0,0,0,0,,55132,Shaun Hartford,Detroit Tigers,9,1,1,5,0,5,0,0,0,0.2883,0,0,9.0,0,0,4,4,0,0,0,0,1,1,0,0,0,0,-0.0035
,,,,,,,,,,,,,,,,,,,,,,,,,,,,,,,,46932,Quincy Muse,Toronto Blue Jays,3,1,0,3,0,3,0,0,0,0,0,0,3.2,0,0,0,0,0,0,0,0,0,0,0,0,0,0,0,,42347,Elias Torres,Kansas City Royals,4,2,0,3,1,2,0,1,0,0.0134,0,0,3.0,0,0,1,1,0,0,0,0,0,0,0,0,0,0,0,,52031,Antonio Hernandez,Colorado Rockies,5,1,0,1,1,0,0,0,0,0.0336,0,0,3.0,0,0,1,1,0,0,0,0,0,0,0,0,1,0,0,,52031,Antonio Hernandez,Colorado Rockies,6,1,0,0,0,0,0,0,0,0,0,0,1.0,0,0,0,0,0,0,0,0,0,0,0,0,0,0,0,,50478,Cesar Bartfield,Texas Rangers,7,1,1,2,0,2,0,0,0,-0.7968,0,0,8.0,0,0,1,1,3,1,0,0,0,0,0,0,1,0,-0.0829,,50819,John Rios,San Francisco Giants,8,1,0,0,0,0,0,0,0,0,0,0,1.0,0,0,0,0,0,0,0,0,0,0,0,0,0,0,-0.0001,,56732,Scott Boyar,Tampa Bay Rays,9,1,1,1,0,1,0,0,0,-0.0781,0,0,9.0,0,0,1,1,0,0,0,0,1,0,0,0,0,0,-0.0041
,,,,,,,,,,,,,,,,,,,,,,,,,,,,,,,,50751,Marc King,0,3,2,0,3,0,3,0,0,0,0,0,0,3.2,0,0,0,0,0,0,0,0,0,0,0,0,0,0,0,,47700,Luke Ziegler,Baltimore Orioles,4,1,0,2,1,1,0,1,0,0,0,0,3.0,0,0,0,0,0,0,0,0,0,0,0,0,0,0,0,,26374,Barry Bryant,St. Louis Cardinals,5,1,0,2,1,1,0,0,0,0.0671,0,0,2.2,0,0,2,2,0,0,0,0,0,0,0,0,0,0,0,,58375,Isaiah Spence,Texas Rangers,6,1,0,0,0,0,0,0,0,0,0,0,1.0,0,0,0,0,0,0,0,0,0,0,0,0,0,0,0,,51998,Alejandro Serrato,Tampa Bay Rays,7,1,1,2,0,2,0,0,0,-0.2349,0,0,8.0,0,0,2,2,0,0,0,0,3,0,0,0,0,0,0.2643,,51700,Victor Cardo,San Francisco Giants,8,1,0,0,0,0,0,0,0,0,0,0,1.0,0,0,0,0,0,0,0,0,0,0,0,0,0,0,-0.0001,,58366,Matt Warchol,Philadelphia Phillies,9,1,1,2,0,2,0,0,0,0.2606,0,0,9.0,0,0,1,1,0,0,0,0,1,1,1,0,1,0,-0.002
,,,,,,,,,,,,,,,,,,,,,,,,,,,,,,,,42347,Elias Torres,Kansas City Royals,3,1,0,1,0,1,0,0,0,0,0,0,3.0,0,0,0,0,0,0,0,0,0,0,0,0,0,0,0,,52280,Paul Richie,Atlanta Braves,4,2,0,2,0,2,0,0,0,0.0195,0,0,3.0,0,0,1,1,0,0,0,0,0,0,0,0,0,0,0,,24334,Esteban Guzman,Washington Nationals,5,1,0,1,0,1,0,0,0,-0.1285,0,0,2.0,0,0,1,1,0,0,1,0,0,0,0,0,0,0,0,,37580,Cody Addeo,Washington Nationals,6,1,0,0,0,0,0,0,0,0,0,0,0.2,0,0,0,0,0,0,0,0,0,0,0,0,0,0,0,,52137,Manny Medina,Detroit Tigers,7,1,1,3,0,3,0,0,0,-0.0084,0,0,8.0,0,0,3,3,0,0,0,0,0,0,1,0,3,0,0.0201,,52555,Matt Hogan,Los Angeles (N) Dodgers,8,1,0,0,0,0,0,0,0,0,0,0,1.0,0,0,0,0,0,0,0,0,0,0,0,0,0,0,-0.0004,,58372,Brian Buron,Kansas City Royals,9,1,1,4,0,4,0,0,0,0.096,0,0,9.0,0,0,3,3,1,1,0,0,0,0,0,0,0,0,-0.0035
,,,,,,,,,,,,,,,,,,,,,,,,,,,,,,,,46704,Dan Whitman,Boston Red Sox,3,1,0,4,0,4,0,0,0,0.0166,0,0,3.0,0,0,1,1,0,0,0,0,0,0,0,0,0,0,0,,53374,Gijsbert Cuypers,Chicago (A) White Sox,4,1,0,0,0,0,0,0,0,0,0,0,3.0,0,0,0,0,0,0,0,0,0,0,0,0,0,0,0,,44465,Ryan Penning,Atlanta Braves,5,1,0,1,1,0,0,1,0,0.0336,0,0,2.0,0,0,1,1,0,0,0,0,0,0,0,0,1,0,0,,,,,,,,,,,,,,,,,,,,,,,,,,,,,,,,,,56403,Alex Espino,Colorado Rockies,7,1,1,1,0,1,0,0,0,-0.0204,0,0,8.0,0,0,1,1,0,0,0,0,0,0,1,0,0,0,-0.0004,,47888,Ben Mishoe,Pittsburgh Pirates,8,1,0,0,0,0,0,0,0,0,0,0,0.1,0,0,0,0,0,0,0,0,0,0,0,0,0,0,-0.0001,,58374,Malcolm Wilson,Houston Astros,9,1,1,0,0,0,0,0,0,-0.0442,0,0,9.0,0,0,0,0,0,0,0,0,0,0,2,0,1,0,0.0247
,,,,,,,,,,,,,,,,,,,,,,,,,,,,,,,,46986,Jeremy Matelski,Texas Rangers,3,1,0,2,0,2,0,1,0,0,0,0,3.0,0,0,0,0,0,0,0,0,0,0,0,0,0,0,0,,21327,Luis Batista,Tampa Bay Rays,4,1,0,0,0,0,0,0,0,0,0,0,2.0,0,0,0,0,0,0,0,0,0,0,0,0,0,0,0,,51069,Trevor Doyle,New York (A) Yankees,5,1,0,0,0,0,0,0,0,0,0,0,2.0,0,0,0,0,0,0,0,0,0,0,0,0,0,0,0,,,,,,,,,,,,,,,,,,,,,,,,,,,,,,,,,,54925,Alex de Santos,Texas Rangers,7,4,0,3,0,3,0,0,0,0.1902,0,0,7.2,0,0,1,1,2,2,0,0,0,0,0,0,0,0,0.031,,,,,,,,,,,,,,,,,,,,,,,,,,,,,,,,,,50895,Juan Ortega,Baltimore Orioles,9,1,1,4,0,4,0,0,0,0.074,0,0,8.2,0,0,3,3,1,1,0,0,0,0,1,0,0,0,0.0711
,,,,,,,,,,,,,,,,,,,,,,,,,,,,,,,,50565,Bryan Balasko,Milwaukee Brewers,3,1,0,5,1,4,0,0,0,0.0332,0,0,3.0,0,0,2,2,0,0,0,0,0,0,0,0,0,0,0,,47387,Sam Edwards,San Francisco Giants,4,1,0,3,3,0,0,1,0,0.0586,0,0,2.0,0,0,3,3,0,0,0,0,0,0,0,0,0,0,0,,53551,Carlos Morales,St. Louis Cardinals,5,1,0,2,2,0,0,0,0,0.0671,0,0,2.0,0,0,2,2,0,0,0,0,0,0,0,0,0,0,0,,,,,,,,,,,,,,,,,,,,,,,,,,,,,,,,,,42173,Cesar Rubio,Oakland Athletics,7,3,0,0,0,0,0,0,0,0,0,0,7.0,0,0,0,0,0,0,0,0,0,0,0,0,0,0,-0.0021,,,,,,,,,,,,,,,,,,,,,,,,,,,,,,,,,,46276,Andy Greeley,Washington Nationals,9,1,1,0,0,0,0,0,0,-0.7959,0,0,8.0,0,0,1,0,0,0,0,0,1,0,0,0,1,0,0.2862
,,,,,,,,,,,,,,,,,,,,,,,,,,,,,,,,54900,Marco Castello,Tampa Bay Rays,3,1,0,2,0,2,0,1,0,0,0,0,3.0,0,0,0,0,0,0,0,0,0,0,0,0,0,0,0,,49107,Jeremy Bell,Baltimore Orioles,4,1,0,3,2,1,0,0,0,0.114,0,0,2.0,0,0,2,2,1,1,0,0,0,0,0,0,0,0,0,,55238,Chris Bond,New York (N) Mets,5,1,0,0,0,0,0,0,0,-0.3101,0,0,2.0,0,0,0,0,0,0,0,0,0,0,1,0,0,0,0,,,,,,,,,,,,,,,,,,,,,,,,,,,,,,,,,,46746,Daniel Freymiller,New York (N) Mets,7,3,0,3,0,2,1,0,0,-0.3373,0,0,7.0,0,0,2,2,1,0,0,0,1,0,0,0,0,0,-0.0028,,,,,,,,,,,,,,,,,,,,,,,,,,,,,,,,,,49102,Ian Borde,San Diego Padres,9,1,1,0,0,0,0,0,0,0,0,0,8.0,0,0,0,0,0,0,0,0,0,0,0,0,0,0,-0.0004
,,,,,,,,,,,,,,,,,,,,,,,,,,,,,,,,51998,Alejandro Serrato,Tampa Bay Rays,3,1,0,1,0,1,0,0,0,0,0,0,2.1,0,0,0,0,0,0,0,0,0,0,0,0,0,0,0,,49834,Alex Lujan,Oakland Athletics,4,1,0,0,0,0,0,0,0,0,0,0,2.0,0,0,0,0,0,0,0,0,0,0,0,0,0,0,0,,58365,John Syring,Kansas City Royals,5,1,0,0,0,0,0,0,0,0,0,0,2.0,0,0,0,0,0,0,0,0,0,0,0,0,0,0,0,,,,,,,,,,,,,,,,,,,,,,,,,,,,,,,,,,44765,Manny Mosqueda,Philadelphia Phillies,7,4,0,3,0,3,0,0,0,0.2888,0,0,6.1,0,0,2,2,0,0,0,0,1,1,0,0,0,0,-0.1177,,,,,,,,,,,,,,,,,,,,,,,,,,,,,,,,,,50235,Sérgio Simard,Minnesota Twins,9,6,0,2,0,2,0,0,0,0.0062,0,0,8.0,0,0,2,2,0,0,0,0,0,0,0,0,2,0,-0.0204
,,,,,,,,,,,,,,,,,,,,,,,,,,,,,,,,34450,Mike Alessandro,Toronto Blue Jays,3,1,0,4,0,4,0,0,0,0.027,0,0,2.0,0,0,2,2,0,0,0,0,0,0,0,0,0,0,0,,50711,Tom Levie,Minnesota Twins,4,1,0,1,0,1,0,0,0,0.1189,0,0,2.0,0,0,0,0,0,0,1,1,0,0,0,0,0,0,0,,47675,Tom Tobeck,New York (A) Yankees,5,1,0,0,0,0,0,0,0,0,0,0,1.0,0,0,0,0,0,0,0,0,0,0,0,0,0,0,0,,,,,,,,,,,,,,,,,,,,,,,,,,,,,,,,,,46930,Ruben Penedo,Chicago (N) Cubs,7,2,0,0,0,0,0,0,0,-0.3795,0,0,6.0,0,0,1,0,0,0,0,0,0,0,1,0,0,0,0.1379,,,,,,,,,,,,,,,,,,,,,,,,,,,,,,,,,,51330,Dave Elizondo,Los Angeles (A) Angels,9,1,1,1,0,1,0,0,0,0.0031,0,0,8.0,0,0,1,1,0,0,0,0,0,0,0,0,1,0,-0.0841
,,,,,,,,,,,,,,,,,,,,,,,,,,,,,,,,46321,Lupe Oquendo,Arizona Diamondbacks,3,1,0,3,0,2,1,0,0,-0.5721,0,0,2.0,0,0,1,0,0,0,0,0,0,0,0,0,0,0,0,,52081,Ismael Alanis,Los Angeles (N) Dodgers,4,1,0,2,0,2,0,0,0,0.0195,0,0,2.0,0,0,1,1,0,0,0,0,0,0,0,0,0,0,0,,49328,Eddie Maravilla,Arizona Diamondbacks,5,1,0,0,0,0,0,0,0,0,0,0,1.0,0,0,0,0,0,0,0,0,0,0,0,0,0,0,0,,,,,,,,,,,,,,,,,,,,,,,,,,,,,,,,,,48873,Chris Ewald,New York (N) Mets,7,2,0,0,0,0,0,0,0,0,0,0,6.0,0,0,0,0,0,0,0,0,0,0,0,0,1,0,-0.0003,,,,,,,,,,,,,,,,,,,,,,,,,,,,,,,,,,52448,Dustin Williams,Arizona Diamondbacks,9,1,1,2,0,2,0,0,0,0.0898,0,0,8.0,0,0,1,1,1,1,0,0,0,0,0,0,0,0,-0.0006
,,,,,,,,,,,,,,,,,,,,,,,,,,,,,,,,49145,Adam Flower,Seattle Mariners,3,1,0,2,0,2,0,0,0,0.0104,0,0,2.0,0,0,1,1,0,0,0,0,0,0,0,0,0,0,0,,52678,John Daube,Houston Astros,4,1,0,2,1,1,0,0,0,0.0195,0,0,2.0,0,0,1,1,0,0,0,0,0,0,0,0,0,0,0,,51263,Matt Burland,San Francisco Giants,5,1,0,0,0,0,0,0,0,0,0,0,1.0,0,0,0,0,0,0,0,0,0,0,0,0,0,0,0,,,,,,,,,,,,,,,,,,,,,,,,,,,,,,,,,,49102,Ian Borde,San Diego Padres,7,2,1,0,0,0,0,0,0,0,0,0,6.0,0,0,0,0,0,0,0,0,0,0,0,0,0,0,0.006,,,,,,,,,,,,,,,,,,,,,,,,,,,,,,,,,,54049,Kevin Lewman,Baltimore Orioles,9,1,1,2,0,2,0,0,0,-0.3453,0,0,8.0,0,0,2,2,1,0,0,0,1,0,0,0,0,0,-0.0081
,,,,,,,,,,,,,,,,,,,,,,,,,,,,,,,,49712,Nick Fallin,Oakland Athletics,3,2,0,0,0,0,0,0,0,-1.1303,0,0,2.0,0,0,1,0,1,0,0,0,0,0,0,0,0,0,0,,47779,Mike Bridges,Toronto Blue Jays,4,1,0,0,0,0,0,0,0,0,0,0,1.2,0,0,0,0,0,0,0,0,0,0,0,0,0,0,0,,52110,Juan Villarreal,Oakland Athletics,5,1,0,0,0,0,0,0,0,0,0,0,1.0,0,0,0,0,0,0,0,0,0,0,0,0,0,0,0,,,,,,,,,,,,,,,,,,,,,,,,,,,,,,,,,,51263,Matt Burland,San Francisco Giants,7,2,0,1,0,1,0,0,0,0.006,0,0,6.0,0,0,1,1,0,0,0,0,0,0,0,0,0,0,-0.0017,,,,,,,,,,,,,,,,,,,,,,,,,,,,,,,,,,42336,Miguel Huerta,Washington Nationals,9,1,0,2,0,2,0,0,0,-0.1004,0,0,7.1,0,0,1,1,1,0,1,1,0,0,1,0,1,0,0.3149
,,,,,,,,,,,,,,,,,,,,,,,,,,,,,,,,50274,Alex Canales,Oakland Athletics,3,1,0,0,0,0,0,0,0,0,0,0,2.0,0,0,0,0,0,0,0,0,0,0,0,0,0,0,0,,50251,Lançarote Freitas,Boston Red Sox,4,1,0,0,0,0,0,0,0,0,0,0,1.0,0,0,0,0,0,0,0,0,0,0,0,0,0,0,0,,52507,Soroku Yamaguchi,Arizona Diamondbacks,5,1,0,0,0,0,0,0,0,0,0,0,1.0,0,0,0,0,0,0,0,0,0,0,0,0,0,0,0,,,,,,,,,,,,,,,,,,,,,,,,,,,,,,,,,,56732,Scott Boyar,Tampa Bay Rays,7,1,0,2,0,2,0,0,0,-0.0703,0,0,6.0,0,0,2,2,0,0,0,0,1,0,0,0,1,0,0.2646,,,,,,,,,,,,,,,,,,,,,,,,,,,,,,,,,,21799,Alfredo Morandi,Cincinnati Reds,9,2,0,1,0,1,0,0,0,0.0031,0,0,7.0,0,0,1,1,0,0,0,0,0,0,0,0,0,0,-0.0021
,,,,,,,,,,,,,,,,,,,,,,,,,,,,,,,,52085,Jonathan Lugo,Minnesota Twins,3,1,0,1,0,1,0,0,0,0,0,0,2.0,0,0,0,0,0,0,0,0,0,0,0,0,0,0,0,,52531,Nate Larson,Kansas City Royals,4,1,0,0,0,0,0,0,0,-0.0965,0,0,1.0,0,0,0,0,0,0,0,0,1,0,0,0,0,0,0,,55304,Josh Williams,Cleveland Guardians,5,1,0,0,0,0,0,0,0,0,0,0,1.0,0,0,0,0,0,0,0,0,0,0,0,0,0,0,0,,,,,,,,,,,,,,,,,,,,,,,,,,,,,,,,,,35077,Fergus Anderson,Philadelphia Phillies,7,4,0,1,0,1,0,0,0,-0.0204,0,0,5.2,0,0,1,1,0,0,0,0,0,0,1,0,0,0,-0.0006,,,,,,,,,,,,,,,,,,,,,,,,,,,,,,,,,,22514,Tyler Sontag,Chicago (A) White Sox,9,2,0,1,0,1,0,0,0,0.0031,0,0,7.0,0,0,1,1,0,0,0,0,0,0,0,0,1,0,0.2704
,,,,,,,,,,,,,,,,,,,,,,,,,,,,,,,,52657,Tony Martinez,Detroit Tigers,3,1,0,3,0,3,0,0,0,0,0,0,2.0,0,0,0,0,0,0,0,0,0,0,0,0,0,0,0,,52727,Erik Moore,Miami Marlins,4,1,0,0,0,0,0,0,0,0,0,0,1.0,0,0,0,0,0,0,0,0,0,0,0,0,0,0,0,,,,,,,,,,,,,,,,,,,,,,,,,,,,,,,,,,,,,,,,,,,,,,,,,,,,,,,,,,,,,,,,,,47137,Beau Walters,Los Angeles (N) Dodgers,7,1,0,1,0,1,0,0,0,0.006,0,0,5.0,0,0,1,1,0,0,0,0,0,0,0,0,0,0,0.2746,,,,,,,,,,,,,,,,,,,,,,,,,,,,,,,,,,47106,Matt Eastwood,Colorado Rockies,9,1,1,2,0,2,0,0,0,0.0062,0,0,7.0,0,0,2,2,0,0,0,0,0,0,0,0,0,0,0.3223
,,,,,,,,,,,,,,,,,,,,,,,,,,,,,,,,53794,Carlos Sedano,Minnesota Twins,3,2,0,2,1,1,0,0,0,0.0428,0,0,2.0,0,0,0,0,1,1,0,0,0,0,0,0,0,0,0,,46037,Vic Entz,Toronto Blue Jays,4,1,0,1,0,1,0,0,0,0,0,0,0.2,0,0,0,0,0,0,0,0,0,0,0,0,0,0,0,,,,,,,,,,,,,,,,,,,,,,,,,,,,,,,,,,,,,,,,,,,,,,,,,,,,,,,,,,,,,,,,,,47654,Joe Bittar,New York (N) Mets,7,1,1,1,0,1,0,0,0,-0.261,0,0,5.0,0,0,1,1,1,0,0,0,0,0,0,0,0,0,-0.0002,,,,,,,,,,,,,,,,,,,,,,,,,,,,,,,,,,49237,Jordan Ortiz,Cincinnati Reds,9,1,1,2,0,2,0,0,0,0.192,0,0,7.0,0,0,1,1,0,0,1,1,0,0,0,0,1,0,0.033
,,,,,,,,,,,,,,,,,,,,,,,,,,,,,,,,22844,Brian Jones,Baltimore Orioles,3,1,0,0,0,0,0,0,0,0,0,0,1.0,0,0,0,0,0,0,0,0,0,0,0,0,0,0,0,,35576,Melvin Munoz,Colorado Rockies,4,1,0,0,0,0,0,0,0,0,0,0,0.1,0,0,0,0,0,0,0,0,0,0,0,0,0,0,0,,,,,,,,,,,,,,,,,,,,,,,,,,,,,,,,,,,,,,,,,,,,,,,,,,,,,,,,,,,,,,,,,,42347,Elias Torres,Kansas City Royals,7,1,0,1,0,1,0,0,0,-0.3397,0,0,4.0,0,0,0,0,0,0,2,1,0,0,0,0,0,0,-0.0015,,,,,,,,,,,,,,,,,,,,,,,,,,,,,,,,,,52445,Chance Robinson,Cincinnati Reds,9,1,1,0,0,0,0,0,0,0,0,0,7.0,0,0,0,0,0,0,0,0,0,0,0,0,1,0,0.0021
,,,,,,,,,,,,,,,,,,,,,,,,,,,,,,,,27720,Israel Medina,Oakland Athletics,3,1,0,0,0,0,0,0,0,0,0,0,1.0,0,0,0,0,0,0,0,0,0,0,0,0,0,0,0,,,,,,,,,,,,,,,,,,,,,,,,,,,,,,,,,,,,,,,,,,,,,,,,,,,,,,,,,,,,,,,,,,,,,,,,,,,,,,,,,,,,,,,,,,,,,,,,,,51116,Brian Melton,Pittsburgh Pirates,7,3,0,2,0,2,0,0,0,-0.6385,0,0,4.0,0,0,1,1,2,1,0,0,1,0,1,0,2,0,0.0265,,,,,,,,,,,,,,,,,,,,,,,,,,,,,,,,,,50783,Josh Carrillo,Colorado Rockies,9,3,0,2,0,2,0,0,0,0.0898,0,0,6.0,0,0,1,1,1,1,0,0,0,0,0,0,0,0,-0.0006000000000000001
,,,,,,,,,,,,,,,,,,,,,,,,,,,,,,,,49038,Ryan Johnson,Los Angeles (A) Angels,3,1,0,1,0,1,0,0,0,0,0,0,1.0,0,0,0,0,0,0,0,0,0,0,0,0,0,0,0,,,,,,,,,,,,,,,,,,,,,,,,,,,,,,,,,,,,,,,,,,,,,,,,,,,,,,,,,,,,,,,,,,,,,,,,,,,,,,,,,,,,,,,,,,,,,,,,,,52127,Alex Pacheco,Philadelphia Phillies,7,1,0,1,0,1,0,0,0,0.006,0,0,4.0,0,0,1,1,0,0,0,0,0,0,0,0,0,0,-0.0002,,,,,,,,,,,,,,,,,,,,,,,,,,,,,,,,,,50974,Jayden St. Hill,San Francisco Giants,9,1,1,0,0,0,0,0,0,-0.0221,0,0,6.0,0,0,0,0,0,0,0,0,0,0,1,0,1,0,0.0474
,,,,,,,,,,,,,,,,,,,,,,,,,,,,,,,,50835,Beau Pearson,Minnesota Twins,3,1,0,0,0,0,0,0,0,0,0,0,1.0,0,0,0,0,0,0,0,0,0,0,0,0,0,0,0,,,,,,,,,,,,,,,,,,,,,,,,,,,,,,,,,,,,,,,,,,,,,,,,,,,,,,,,,,,,,,,,,,,,,,,,,,,,,,,,,,,,,,,,,,,,,,,,,,53816,Ruben Leon,Baltimore Orioles,7,3,0,1,0,1,0,0,0,0.006,0,0,4.0,0,0,1,1,0,0,0,0,0,0,0,0,1,0,-0.0002,,,,,,,,,,,,,,,,,,,,,,,,,,,,,,,,,,53243,Jerry Vincent,Tampa Bay Rays,9,2,0,1,0,1,0,0,0,-0.019,0,0,6.0,0,0,1,1,0,0,0,0,0,0,1,0,0,0,-0.0027
,,,,,,,,,,,,,,,,,,,,,,,,,,,,,,,,51107,Travis Fritts,New York (A) Yankees,3,1,0,0,0,0,0,0,0,0,0,0,1.0,0,0,0,0,0,0,0,0,0,0,0,0,0,0,0,,,,,,,,,,,,,,,,,,,,,,,,,,,,,,,,,,,,,,,,,,,,,,,,,,,,,,,,,,,,,,,,,,,,,,,,,,,,,,,,,,,,,,,,,,,,,,,,,,61111,Goushi Kameda,San Diego Padres,7,1,0,2,0,2,0,0,0,-0.0144,0,0,3.1,0,0,2,2,0,0,0,0,0,0,1,0,1,0,-0.2423,,,,,,,,,,,,,,,,,,,,,,,,,,,,,,,,,,51620,Tom Daher,Oakland Athletics,9,3,0,0,0,0,0,0,0,-0.0442,0,0,5.0,0,0,0,0,0,0,0,0,0,0,2,0,0,0,-0.002
,,,,,,,,,,,,,,,,,,,,,,,,,,,,,,,,51559,Jesus Galaviz,Baltimore Orioles,3,1,0,1,0,1,0,0,0,0,0,0,1.0,0,0,0,0,0,0,0,0,0,0,0,0,0,0,0,,,,,,,,,,,,,,,,,,,,,,,,,,,,,,,,,,,,,,,,,,,,,,,,,,,,,,,,,,,,,,,,,,,,,,,,,,,,,,,,,,,,,,,,,,,,,,,,,,27720,Israel Medina,Oakland Athletics,7,2,0,1,0,1,0,0,0,0.006,0,0,3.0,0,0,1,1,0,0,0,0,0,0,0,0,0,0,-0.0001,,,,,,,,,,,,,,,,,,,,,,,,,,,,,,,,,,49795,Pete Pearson,Houston Astros,9,2,0,0,0,0,0,0,0,0,0,0,4.0,0,0,0,0,0,0,0,0,0,0,0,0,0,0,-0.0009
,,,,,,,,,,,,,,,,,,,,,,,,,,,,,,,,51700,Victor Cardo,San Francisco Giants,3,1,0,1,0,1,0,0,0,0,0,0,1.0,0,0,0,0,0,0,0,0,0,0,0,0,0,0,0,,,,,,,,,,,,,,,,,,,,,,,,,,,,,,,,,,,,,,,,,,,,,,,,,,,,,,,,,,,,,,,,,,,,,,,,,,,,,,,,,,,,,,,,,,,,,,,,,,34450,Mike Alessandro,Toronto Blue Jays,7,2,0,1,0,1,0,0,0,-0.0204,0,0,3.0,0,0,1,1,0,0,0,0,0,0,1,0,0,0,-0.0012,,,,,,,,,,,,,,,,,,,,,,,,,,,,,,,,,,51063,Justin Swanson,Arizona Diamondbacks,9,3,0,0,0,0,0,0,0,-0.0221,0,0,4.0,0,0,0,0,0,0,0,0,0,0,1,0,0,0,-0.0005
,,,,,,,,,,,,,,,,,,,,,,,,,,,,,,,,52022,Melvin Martinez,Atlanta Braves,3,1,0,0,0,0,0,0,0,0,0,0,1.0,0,0,0,0,0,0,0,0,0,0,0,0,0,0,0,,,,,,,,,,,,,,,,,,,,,,,,,,,,,,,,,,,,,,,,,,,,,,,,,,,,,,,,,,,,,,,,,,,,,,,,,,,,,,,,,,,,,,,,,,,,,,,,,,48724,Andy Weaver,New York (N) Mets,7,2,0,0,0,0,0,0,0,0,0,0,3.0,0,0,0,0,0,0,0,0,0,0,0,0,0,0,-0.0012,,,,,,,,,,,,,,,,,,,,,,,,,,,,,,,,,,51250,Tim Bruno,Philadelphia Phillies,9,3,0,0,0,0,0,0,0,0,0,0,4.0,0,0,0,0,0,0,0,0,0,0,0,0,0,0,-0.0003
,,,,,,,,,,,,,,,,,,,,,,,,,,,,,,,,52340,Jeremy Weir,Cleveland Guardians,3,1,0,0,0,0,0,0,0,0,0,0,1.0,0,0,0,0,0,0,0,0,0,0,0,0,0,0,0,,,,,,,,,,,,,,,,,,,,,,,,,,,,,,,,,,,,,,,,,,,,,,,,,,,,,,,,,,,,,,,,,,,,,,,,,,,,,,,,,,,,,,,,,,,,,,,,,,48762,Jimmy Marcus,Boston Red Sox,7,1,0,0,0,0,0,0,0,0,0,0,3.0,0,0,0,0,0,0,0,0,0,0,0,0,0,0,-0.0002,,,,,,,,,,,,,,,,,,,,,,,,,,,,,,,,,,52557,Brent Coltharp,Tampa Bay Rays,9,1,0,0,0,0,0,0,0,0,0,0,4.0,0,0,0,0,0,0,0,0,0,0,0,0,0,0,-0.0004
,,,,,,,,,,,,,,,,,,,,,,,,,,,,,,,,53810,Henry Salinas,Los Angeles (N) Dodgers,3,1,0,2,0,2,0,0,0,0.027,0,0,1.0,0,0,2,2,0,0,0,0,0,0,0,0,0,0,0,,,,,,,,,,,,,,,,,,,,,,,,,,,,,,,,,,,,,,,,,,,,,,,,,,,,,,,,,,,,,,,,,,,,,,,,,,,,,,,,,,,,,,,,,,,,,,,,,,50661,Roland Little,Los Angeles (A) Angels,7,1,0,0,0,0,0,0,0,-0.7745,0,0,3.0,0,0,0,0,0,0,0,0,0,0,2,0,2,0,-0.0014,,,,,,,,,,,,,,,,,,,,,,,,,,,,,,,,,,47626,Teguh Alisjahbana,Colorado Rockies,9,1,0,0,0,0,0,0,0,0,0,0,3.1,0,0,0,0,0,0,0,0,0,0,0,0,0,0,-0.0002
,,,,,,,,,,,,,,,,,,,,,,,,,,,,,,,,54503,Mel Flores,New York (A) Yankees,3,1,0,1,0,1,0,0,0,0,0,0,1.0,0,0,0,0,0,0,0,0,0,0,0,0,0,0,0,,,,,,,,,,,,,,,,,,,,,,,,,,,,,,,,,,,,,,,,,,,,,,,,,,,,,,,,,,,,,,,,,,,,,,,,,,,,,,,,,,,,,,,,,,,,,,,,,,51250,Tim Bruno,Philadelphia Phillies,7,1,0,0,0,0,0,0,0,0,0,0,3.0,0,0,0,0,0,0,0,0,0,0,0,0,0,0,-0.0014,,,,,,,,,,,,,,,,,,,,,,,,,,,,,,,,,,50242,Danny Diaz,Seattle Mariners,9,1,0,0,0,0,0,0,0,0,0,0,3.0,0,0,0,0,0,0,0,0,0,0,0,0,0,0,-0.0001
,,,,,,,,,,,,,,,,,,,,,,,,,,,,,,,,58368,Ryan Johnston,San Francisco Giants,3,1,0,1,0,1,0,0,0,0,0,0,1.0,0,0,0,0,0,0,0,0,0,0,0,0,0,0,0,,,,,,,,,,,,,,,,,,,,,,,,,,,,,,,,,,,,,,,,,,,,,,,,,,,,,,,,,,,,,,,,,,,,,,,,,,,,,,,,,,,,,,,,,,,,,,,,,,52669,Bill Vaughn,Boston Red Sox,7,2,0,0,0,0,0,0,0,0,0,0,3.0,0,0,0,0,0,0,0,0,0,0,0,0,0,0,-0.001,,,,,,,,,,,,,,,,,,,,,,,,,,,,,,,,,,51116,Brian Melton,Pittsburgh Pirates,9,1,0,0,0,0,0,0,0,0,0,0,3.0,0,0,0,0,0,0,0,0,0,0,0,0,0,0,-0.0012
,,,,,,,,,,,,,,,,,,,,,,,,,,,,,,,,47405,Nick Williams,Miami Marlins,3,1,0,1,0,1,0,0,0,0,0,0,0.1,0,0,0,0,0,0,0,0,0,0,0,0,0,0,0,,,,,,,,,,,,,,,,,,,,,,,,,,,,,,,,,,,,,,,,,,,,,,,,,,,,,,,,,,,,,,,,,,,,,,,,,,,,,,,,,,,,,,,,,,,,,,,,,,56762,Ricardo Villanueva,Chicago (A) White Sox,7,2,0,1,0,0,1,0,0,-0.1087,0,0,3.0,0,0,0,0,0,0,0,0,1,0,1,0,0,0,-0.0002,,,,,,,,,,,,,,,,,,,,,,,,,,,,,,,,,,36112,Luis Sanchez,Houston Astros,9,2,0,0,0,0,0,0,0,0,0,0,2.0,0,0,0,0,0,0,0,0,0,0,0,0,0,0,-0.0009
,,,,,,,,,,,,,,,,,,,,,,,,,,,,,,,,,,,,,,,,,,,,,,,,,,,,,,,,,,,,,,,,,,,,,,,,,,,,,,,,,,,,,,,,,,,,,,,,,,,,,,,,,,,,,,,,,,,,,,,,,,,,,,,,,,,,,,,,,,,,,,,,,,,,,,,,,,,,,,,,21327,Luis Batista,Tampa Bay Rays,7,1,0,0,0,0,0,0,0,-0.5298,0,0,2.1,0,0,0,0,0,0,1,0,0,0,0,0,0,0,-0.0009,,,,,,,,,,,,,,,,,,,,,,,,,,,,,,,,,,44709,Marciano Ruelas,Chicago (A) White Sox,9,1,0,1,0,1,0,0,0,0.0031,0,0,2.0,0,0,1,1,0,0,0,0,0,0,0,0,0,0,-0.0001
,,,,,,,,,,,,,,,,,,,,,,,,,,,,,,,,,,,,,,,,,,,,,,,,,,,,,,,,,,,,,,,,,,,,,,,,,,,,,,,,,,,,,,,,,,,,,,,,,,,,,,,,,,,,,,,,,,,,,,,,,,,,,,,,,,,,,,,,,,,,,,,,,,,,,,,,,,,,,,,,46363,David Maynard,San Francisco Giants,7,2,0,0,0,0,0,0,0,0,0,0,2.1,0,0,0,0,0,0,0,0,0,0,0,0,1,0,-0.0001,,,,,,,,,,,,,,,,,,,,,,,,,,,,,,,,,,45995,Luis Ruiz,Chicago (N) Cubs,9,2,0,0,0,0,0,0,0,0,0,0,2.0,0,0,0,0,0,0,0,0,0,0,0,0,0,0,-0.0001
,,,,,,,,,,,,,,,,,,,,,,,,,,,,,,,,,,,,,,,,,,,,,,,,,,,,,,,,,,,,,,,,,,,,,,,,,,,,,,,,,,,,,,,,,,,,,,,,,,,,,,,,,,,,,,,,,,,,,,,,,,,,,,,,,,,,,,,,,,,,,,,,,,,,,,,,,,,,,,,,25277,Eddie Reyes,San Francisco Giants,7,1,0,1,0,1,0,0,0,0.006,0,0,2.0,0,0,1,1,0,0,0,0,0,0,0,0,1,0,-0.0094,,,,,,,,,,,,,,,,,,,,,,,,,,,,,,,,,,46486,Danny Pollard,Milwaukee Brewers,9,1,0,1,0,1,0,0,0,0.0031,0,0,2.0,0,0,1,1,0,0,0,0,0,0,0,0,0,0,-0.0009
,,,,,,,,,,,,,,,,,,,,,,,,,,,,,,,,,,,,,,,,,,,,,,,,,,,,,,,,,,,,,,,,,,,,,,,,,,,,,,,,,,,,,,,,,,,,,,,,,,,,,,,,,,,,,,,,,,,,,,,,,,,,,,,,,,,,,,,,,,,,,,,,,,,,,,,,,,,,,,,,30037,Jon Burns,Colorado Rockies,7,1,0,1,0,1,0,0,0,0.1901,0,0,2.0,0,0,0,0,0,0,1,1,0,0,0,0,0,0,-0.0008,,,,,,,,,,,,,,,,,,,,,,,,,,,,,,,,,,24790,Jeff Taylor,New York (A) Yankees,9,1,0,0,0,0,0,0,0,0,0,0,1.0,0,0,0,0,0,0,0,0,0,0,0,0,1,0,-0.0004
,,,,,,,,,,,,,,,,,,,,,,,,,,,,,,,,,,,,,,,,,,,,,,,,,,,,,,,,,,,,,,,,,,,,,,,,,,,,,,,,,,,,,,,,,,,,,,,,,,,,,,,,,,,,,,,,,,,,,,,,,,,,,,,,,,,,,,,,,,,,,,,,,,,,,,,,,,,,,,,,44824,Nicoláo Carregueiro,Chicago (N) Cubs,7,2,0,1,0,1,0,0,0,0.006,0,0,2.0,0,0,1,1,0,0,0,0,0,0,0,0,0,0,-0.0001,,,,,,,,,,,,,,,,,,,,,,,,,,,,,,,,,,27298,Pat Sauders,Detroit Tigers,9,1,0,0,0,0,0,0,0,0,0,0,1.0,0,0,0,0,0,0,0,0,0,0,0,0,0,0,-0.0002
,,,,,,,,,,,,,,,,,,,,,,,,,,,,,,,,,,,,,,,,,,,,,,,,,,,,,,,,,,,,,,,,,,,,,,,,,,,,,,,,,,,,,,,,,,,,,,,,,,,,,,,,,,,,,,,,,,,,,,,,,,,,,,,,,,,,,,,,,,,,,,,,,,,,,,,,,,,,,,,,46037,Vic Entz,Toronto Blue Jays,7,1,0,1,0,1,0,0,0,0.0921,0,0,2.0,0,0,0,0,1,1,0,0,0,0,0,0,0,0,-0.0001,,,,,,,,,,,,,,,,,,,,,,,,,,,,,,,,,,27731,Kevin Sandifer,Baltimore Orioles,9,1,0,0,0,0,0,0,0,0,0,0,1.0,0,0,0,0,0,0,0,0,0,0,0,0,0,0,-0.0001
,,,,,,,,,,,,,,,,,,,,,,,,,,,,,,,,,,,,,,,,,,,,,,,,,,,,,,,,,,,,,,,,,,,,,,,,,,,,,,,,,,,,,,,,,,,,,,,,,,,,,,,,,,,,,,,,,,,,,,,,,,,,,,,,,,,,,,,,,,,,,,,,,,,,,,,,,,,,,,,,49795,Pete Pearson,Houston Astros,7,2,0,0,0,0,0,0,0,0,0,0,2.0,0,0,0,0,0,0,0,0,0,0,0,0,0,0,-0.0001,,,,,,,,,,,,,,,,,,,,,,,,,,,,,,,,,,35568,Vinny Rosa,Houston Astros,9,1,0,0,0,0,0,0,0,-0.0221,0,0,1.0,0,0,0,0,0,0,0,0,0,0,1,0,0,0,0.0474
,,,,,,,,,,,,,,,,,,,,,,,,,,,,,,,,,,,,,,,,,,,,,,,,,,,,,,,,,,,,,,,,,,,,,,,,,,,,,,,,,,,,,,,,,,,,,,,,,,,,,,,,,,,,,,,,,,,,,,,,,,,,,,,,,,,,,,,,,,,,,,,,,,,,,,,,,,,,,,,,50401,Keith Parks,Pittsburgh Pirates,7,2,0,0,0,0,0,0,0,0,0,0,2.0,0,0,0,0,0,0,0,0,0,0,0,0,0,0,-0.0005,,,,,,,,,,,,,,,,,,,,,,,,,,,,,,,,,,50216,Rick Ibarra,Washington Nationals,9,1,0,0,0,0,0,0,0,0,0,0,1.0,0,0,0,0,0,0,0,0,0,0,0,0,1,0,-0.0004
,,,,,,,,,,,,,,,,,,,,,,,,,,,,,,,,,,,,,,,,,,,,,,,,,,,,,,,,,,,,,,,,,,,,,,,,,,,,,,,,,,,,,,,,,,,,,,,,,,,,,,,,,,,,,,,,,,,,,,,,,,,,,,,,,,,,,,,,,,,,,,,,,,,,,,,,,,,,,,,,50780,Pat Singer,St. Louis Cardinals,7,1,0,0,0,0,0,0,0,0,0,0,2.0,0,0,0,0,0,0,0,0,0,0,0,0,1,0,-0.1549,,,,,,,,,,,,,,,,,,,,,,,,,,,,,,,,,,50282,Leonel Valenzuela,Atlanta Braves,9,1,0,0,0,0,0,0,0,0,0,0,1.0,0,0,0,0,0,0,0,0,0,0,0,0,0,0,-0.0004
,,,,,,,,,,,,,,,,,,,,,,,,,,,,,,,,,,,,,,,,,,,,,,,,,,,,,,,,,,,,,,,,,,,,,,,,,,,,,,,,,,,,,,,,,,,,,,,,,,,,,,,,,,,,,,,,,,,,,,,,,,,,,,,,,,,,,,,,,,,,,,,,,,,,,,,,,,,,,,,,51091,Kurt Melvin,Oakland Athletics,7,1,0,0,0,0,0,0,0,0,0,0,2.0,0,0,0,0,0,0,0,0,0,0,0,0,0,0,-0.0009,,,,,,,,,,,,,,,,,,,,,,,,,,,,,,,,,,50968,Tim Zingale,Chicago (N) Cubs,9,1,0,0,0,0,0,0,0,0,0,0,1.0,0,0,0,0,0,0,0,0,0,0,0,0,1,0,-0.0002
,,,,,,,,,,,,,,,,,,,,,,,,,,,,,,,,,,,,,,,,,,,,,,,,,,,,,,,,,,,,,,,,,,,,,,,,,,,,,,,,,,,,,,,,,,,,,,,,,,,,,,,,,,,,,,,,,,,,,,,,,,,,,,,,,,,,,,,,,,,,,,,,,,,,,,,,,,,,,,,,51769,Rodrigo Suarez,Washington Nationals,7,1,0,0,0,0,0,0,0,0,0,0,2.0,0,0,0,0,0,0,0,0,0,0,0,0,0,0,-0.0008,,,,,,,,,,,,,,,,,,,,,,,,,,,,,,,,,,54925,Alex de Santos,Texas Rangers,9,1,0,0,0,0,0,0,0,0,0,0,1.0,0,0,0,0,0,0,0,0,0,0,0,0,0,0,-0.0001
,,,,,,,,,,,,,,,,,,,,,,,,,,,,,,,,,,,,,,,,,,,,,,,,,,,,,,,,,,,,,,,,,,,,,,,,,,,,,,,,,,,,,,,,,,,,,,,,,,,,,,,,,,,,,,,,,,,,,,,,,,,,,,,,,,,,,,,,,,,,,,,,,,,,,,,,,,,,,,,,52530,Josh Lilly,Los Angeles (N) Dodgers,7,1,0,0,0,0,0,0,0,0,0,0,2.0,0,0,0,0,0,0,0,0,0,0,0,0,0,0,-0.0009,,,,,,,,,,,,,,,,,,,,,,,,,,,,,,,,,,47893,Chris Duff,Toronto Blue Jays,9,1,0,1,0,1,0,0,0,0.0031,0,0,0.1,0,0,1,1,0,0,0,0,0,0,0,0,0,0,0
,,,,,,,,,,,,,,,,,,,,,,,,,,,,,,,,,,,,,,,,,,,,,,,,,,,,,,,,,,,,,,,,,,,,,,,,,,,,,,,,,,,,,,,,,,,,,,,,,,,,,,,,,,,,,,,,,,,,,,,,,,,,,,,,,,,,,,,,,,,,,,,,,,,,,,,,,,,,,,,,50210,Byron Addams,New York (A) Yankees,7,2,0,0,0,0,0,0,0,-0.0823,0,0,1.2,0,0,0,0,0,0,0,0,1,0,0,0,0,0,-0.0403,,,,,,,,,,,,,,,,,,,,,,,,,,,,,,,,,,,,,,,,,,,,,,,,,,,,,,,,,,,,,,,,
,,,,,,,,,,,,,,,,,,,,,,,,,,,,,,,,,,,,,,,,,,,,,,,,,,,,,,,,,,,,,,,,,,,,,,,,,,,,,,,,,,,,,,,,,,,,,,,,,,,,,,,,,,,,,,,,,,,,,,,,,,,,,,,,,,,,,,,,,,,,,,,,,,,,,,,,,,,,,,,,35568,Vinny Rosa,Houston Astros,7,1,0,0,0,0,0,0,0,0,0,0,1.0,0,0,0,0,0,0,0,0,0,0,0,0,0,0,0,,,,,,,,,,,,,,,,,,,,,,,,,,,,,,,,,,,,,,,,,,,,,,,,,,,,,,,,,,,,,,,,
,,,,,,,,,,,,,,,,,,,,,,,,,,,,,,,,,,,,,,,,,,,,,,,,,,,,,,,,,,,,,,,,,,,,,,,,,,,,,,,,,,,,,,,,,,,,,,,,,,,,,,,,,,,,,,,,,,,,,,,,,,,,,,,,,,,,,,,,,,,,,,,,,,,,,,,,,,,,,,,,46077,Tim Brouillet,New York (N) Mets,7,1,0,2,0,2,0,0,0,0.012,0,0,1.0,0,0,2,2,0,0,0,0,0,0,0,0,0,0,-0.0004,,,,,,,,,,,,,,,,,,,,,,,,,,,,,,,,,,,,,,,,,,,,,,,,,,,,,,,,,,,,,,,,
,,,,,,,,,,,,,,,,,,,,,,,,,,,,,,,,,,,,,,,,,,,,,,,,,,,,,,,,,,,,,,,,,,,,,,,,,,,,,,,,,,,,,,,,,,,,,,,,,,,,,,,,,,,,,,,,,,,,,,,,,,,,,,,,,,,,,,,,,,,,,,,,,,,,,,,,,,,,,,,,46704,Dan Whitman,Boston Red Sox,7,1,0,1,0,1,0,0,0,0.006,0,0,1.0,0,0,1,1,0,0,0,0,0,0,0,0,0,0,-0.0001,,,,,,,,,,,,,,,,,,,,,,,,,,,,,,,,,,,,,,,,,,,,,,,,,,,,,,,,,,,,,,,,
,,,,,,,,,,,,,,,,,,,,,,,,,,,,,,,,,,,,,,,,,,,,,,,,,,,,,,,,,,,,,,,,,,,,,,,,,,,,,,,,,,,,,,,,,,,,,,,,,,,,,,,,,,,,,,,,,,,,,,,,,,,,,,,,,,,,,,,,,,,,,,,,,,,,,,,,,,,,,,,,48771,Joe Horton,Arizona Diamondbacks,7,1,0,1,0,1,0,0,0,0.006,0,0,1.0,0,0,1,1,0,0,0,0,0,0,0,0,0,0,-0.0005,,,,,,,,,,,,,,,,,,,,,,,,,,,,,,,,,,,,,,,,,,,,,,,,,,,,,,,,,,,,,,,,
,,,,,,,,,,,,,,,,,,,,,,,,,,,,,,,,,,,,,,,,,,,,,,,,,,,,,,,,,,,,,,,,,,,,,,,,,,,,,,,,,,,,,,,,,,,,,,,,,,,,,,,,,,,,,,,,,,,,,,,,,,,,,,,,,,,,,,,,,,,,,,,,,,,,,,,,,,,,,,,,50968,Tim Zingale,Chicago (N) Cubs,7,1,0,0,0,0,0,0,0,0,0,0,1.0,0,0,0,0,0,0,0,0,0,0,0,0,0,0,0,,,,,,,,,,,,,,,,,,,,,,,,,,,,,,,,,,,,,,,,,,,,,,,,,,,,,,,,,,,,,,,,
,,,,,,,,,,,,,,,,,,,,,,,,,,,,,,,,,,,,,,,,,,,,,,,,,,,,,,,,,,,,,,,,,,,,,,,,,,,,,,,,,,,,,,,,,,,,,,,,,,,,,,,,,,,,,,,,,,,,,,,,,,,,,,,,,,,,,,,,,,,,,,,,,,,,,,,,,,,,,,,,52021,Danny Ricardo,San Francisco Giants,7,1,0,0,0,0,0,0,0,0,0,0,1.0,0,0,0,0,0,0,0,0,0,0,0,0,0,0,-0.0004,,,,,,,,,,,,,,,,,,,,,,,,,,,,,,,,,,,,,,,,,,,,,,,,,,,,,,,,,,,,,,,,
,,,,,,,,,,,,,,,,,,,,,,,,,,,,,,,,,,,,,,,,,,,,,,,,,,,,,,,,,,,,,,,,,,,,,,,,,,,,,,,,,,,,,,,,,,,,,,,,,,,,,,,,,,,,,,,,,,,,,,,,,,,,,,,,,,,,,,,,,,,,,,,,,,,,,,,,,,,,,,,,52825,Mario Zamora,New York (A) Yankees,7,1,0,0,0,0,0,0,0,0,0,0,1.0,0,0,0,0,0,0,0,0,0,0,0,0,0,0,0,,,,,,,,,,,,,,,,,,,,,,,,,,,,,,,,,,,,,,,,,,,,,,,,,,,,,,,,,,,,,,,,
,,,,,,,,,,,,,,,,,,,,,,,,,,,,,,,,,,,,,,,,,,,,,,,,,,,,,,,,,,,,,,,,,,,,,,,,,,,,,,,,,,,,,,,,,,,,,,,,,,,,,,,,,,,,,,,,,,,,,,,,,,,,,,,,,,,,,,,,,,,,,,,,,,,,,,,,,,,,,,,,54947,Elias Barragan,Los Angeles (N) Dodgers,7,1,0,0,0,0,0,0,0,0,0,0,0.1,0,0,0,0,0,0,0,0,0,0,0,0,1,0,0.0051,,,,,,,,,,,,,,,,,,,,,,,,,,,,,,,,,,,,,,,,,,,,,,,,,,,,,,,,,,,,,,,,
